Timestamp,Paper title,Paper reference,CCDC code,Charge,Total multiplicity,D (cm-1),Mol (v3000) file,CIF file,PDF of the paper
3/23/2019 14:33:43,Single-ion magnetic anisotropy in a vacant octahedral Co(II) complex,"Dalton Trans., 2019,48, 25-29",VIQWEA,1,4,47,"
  Mrv1827 03231914223D          

  0  0  0     0  0            999 V3000
M  V30 BEGIN CTAB
M  V30 COUNTS 114 125 0 0 0
M  V30 BEGIN ATOM
M  V30 1 Co 3.8695 4.7687 10.021 0 CHG=1
M  V30 2 Cl 4.9987 5.9302 11.7546 0
M  V30 3 P 5.4527 3.1803 9.7584 0 CFG=1
M  V30 4 P 3.0493 3.2426 11.5188 0 CFG=1
M  V30 5 C 4.4941 2.2985 12.1382 0
M  V30 6 C 5.6551 2.3664 11.3775 0
M  V30 7 C 4.8966 1.7946 8.7146 0
M  V30 8 C 2.2458 3.6512 13.1127 0
M  V30 9 C 7.1307 3.5802 9.2119 0
M  V30 10 C 1.9227 2.0141 10.7769 0
M  V30 11 C 3.8288 1.9915 7.851 0
M  V30 12 H 3.4625 2.8621 7.7488 0
M  V30 13 C 4.4831 1.5693 13.3271 0
M  V30 14 H 3.6848 1.4952 13.8357 0
M  V30 15 C 8.8505 3.6433 7.5207 0
M  V30 16 H 9.1711 3.3942 6.6623 0
M  V30 17 C 7.611 3.189 7.9577 0
M  V30 18 H 7.0924 2.6141 7.4066 0
M  V30 19 C 7.9079 4.3989 10.0229 0
M  V30 20 H 7.5861 4.668 10.8753 0
M  V30 21 C 6.83 1.757 11.8322 0
M  V30 22 H 7.629 1.8205 11.3214 0
M  V30 23 C 2.9689 4.4119 14.0419 0
M  V30 24 H 3.809 4.7837 13.8006 0
M  V30 25 C 2.2767 0.6786 10.62 0
M  V30 26 H 3.1249 0.3724 10.9186 0
M  V30 27 C 1.0337 3.0941 13.4942 0
M  V30 28 H 0.5404 2.5682 12.8766 0
M  V30 29 C 9.1571 4.8229 9.5858 0
M  V30 30 H 9.698 5.3645 10.1471 0
M  V30 31 C 5.6525 0.9525 13.7628 0
M  V30 32 H 5.648 0.4519 14.5693 0
M  V30 33 C 2.4545 4.6231 15.3195 0
M  V30 34 H 2.9425 5.1484 15.9423 0
M  V30 35 C 6.8219 1.0638 13.0272 0
M  V30 36 H 7.6214 0.662 13.345 0
M  V30 37 C 5.4418 0.5057 8.8347 0
M  V30 38 H 6.1808 0.3512 9.4117 0
M  V30 39 C 9.6141 4.4556 8.3322 0
M  V30 40 H 10.46 4.765 8.0288 0
M  V30 41 C 0.5391 3.3017 14.775 0
M  V30 42 H -0.289 2.91 15.0278 0
M  V30 43 C 0.6695 2.437 10.3441 0
M  V30 44 H 0.4218 3.3498 10.4432 0
M  V30 45 C 3.2885 0.9286 7.1336 0
M  V30 46 H 2.5499 1.0693 6.5538 0
M  V30 47 C 1.2393 4.0723 15.6859 0
M  V30 48 H 0.8881 4.2222 16.5562 0
M  V30 49 C -0.2202 1.5468 9.7715 0
M  V30 50 H -1.0781 1.8425 9.4918 0
M  V30 51 C 3.8314 -0.326 7.2668 0
M  V30 52 H 3.4676 -1.0545 6.7762 0
M  V30 53 C 4.9024 -0.5325 8.1119 0
M  V30 54 H 5.2736 -1.4035 8.1954 0
M  V30 55 C 0.1437 0.2249 9.6073 0
M  V30 56 H -0.463 -0.3858 9.2054 0
M  V30 57 C 1.3825 -0.2098 10.0251 0
M  V30 58 H 1.6281 -1.1191 9.9074 0
M  V30 59 P 2.0808 6.1455 9.968 0 CFG=1
M  V30 60 P 4.6487 6.2526 8.4602 0 CFG=1
M  V30 61 C 3.8493 7.8604 8.8316 0
M  V30 62 C 2.7168 7.822 9.6361 0
M  V30 63 C 1.0133 5.8613 8.5192 0
M  V30 64 C 6.3872 6.8057 8.3018 0
M  V30 65 C 0.9691 6.3282 11.384 0
M  V30 66 C 4.1767 5.8366 6.7477 0
M  V30 67 C 1.0887 4.6433 7.859 0
M  V30 68 H 1.6236 3.9463 8.2202 0
M  V30 69 C 4.3423 9.0855 8.3829 0
M  V30 70 H 5.0982 9.116 7.8091 0
M  V30 71 C -1.1184 5.8868 12.5106 0
M  V30 72 H -2.0069 5.5519 12.4972 0
M  V30 73 C -0.3481 5.8584 11.3533 0
M  V30 74 H -0.7155 5.5219 10.544 0
M  V30 75 C 1.4895 6.8442 12.5651 0
M  V30 76 H 2.3836 7.164 12.5915 0
M  V30 77 C 2.1063 9.012 10.048 0
M  V30 78 H 1.3436 8.9858 10.6145 0
M  V30 79 C 6.9922 7.4113 9.4117 0
M  V30 80 H 6.5382 7.4364 10.2456 0
M  V30 81 C 3.2515 6.5847 6.0279 0
M  V30 82 H 2.8527 7.3529 6.419 0
M  V30 83 C 7.0559 6.8039 7.086 0
M  V30 84 H 6.6512 6.4061 6.325 0
M  V30 85 C 0.6997 6.8928 13.7076 0
M  V30 86 H 1.0465 7.2645 14.5091 0
M  V30 87 C 3.7183 10.2633 8.7843 0
M  V30 88 H 4.0483 11.0987 8.4777 0
M  V30 89 C 8.2606 7.9756 9.2916 0
M  V30 90 H 8.6715 8.375 10.0488 0
M  V30 91 C 2.6188 10.224 9.6274 0
M  V30 92 H 2.2153 11.033 9.9175 0
M  V30 93 C 0.1981 6.8722 7.9844 0
M  V30 94 H 0.1231 7.7098 8.4269 0
M  V30 95 C -0.5933 6.4002 13.6777 0
M  V30 96 H -1.1229 6.4163 14.4668 0
M  V30 97 C 8.3139 7.3817 6.9773 0
M  V30 98 H 8.7602 7.3806 6.1384 0
M  V30 99 C 4.7583 4.7227 6.1494 0
M  V30 100 H 5.388 4.2031 6.6368 0
M  V30 101 C 0.39 4.4318 6.6743 0
M  V30 102 H 0.4564 3.5995 6.222 0
M  V30 103 C 8.9234 7.9582 8.0773 0
M  V30 104 H 9.7907 8.3391 7.9992 0
M  V30 105 C 4.432 4.362 4.8551 0
M  V30 106 H 4.8445 3.6083 4.451 0
M  V30 107 C -0.3989 5.4333 6.1634 0
M  V30 108 H -0.8806 5.2922 5.3559 0
M  V30 109 C -0.4933 6.6445 6.8177 0
M  V30 110 H -1.0441 7.3307 6.4583 0
M  V30 111 C 3.5027 5.1025 4.1514 0
M  V30 112 H 3.2706 4.8502 3.2653 0
M  V30 113 C 2.9131 6.2049 4.7302 0
M  V30 114 H 2.2732 6.7086 4.2425 0
M  V30 END ATOM
M  V30 BEGIN BOND
M  V30 1 1 1 2
M  V30 2 1 1 3
M  V30 3 1 1 4
M  V30 4 1 1 59
M  V30 5 1 1 60
M  V30 6 1 3 6
M  V30 7 1 3 7
M  V30 8 1 3 9
M  V30 9 1 4 5
M  V30 10 1 4 8
M  V30 11 1 4 10
M  V30 12 4 5 6
M  V30 13 4 5 13
M  V30 14 4 6 21
M  V30 15 4 7 11
M  V30 16 4 7 37
M  V30 17 4 8 23
M  V30 18 4 8 27
M  V30 19 4 9 17
M  V30 20 4 9 19
M  V30 21 4 10 25
M  V30 22 4 10 43
M  V30 23 1 11 12
M  V30 24 4 11 45
M  V30 25 1 13 14
M  V30 26 4 13 31
M  V30 27 1 15 16
M  V30 28 4 15 17
M  V30 29 4 15 39
M  V30 30 1 17 18
M  V30 31 1 19 20
M  V30 32 4 19 29
M  V30 33 1 21 22
M  V30 34 4 21 35
M  V30 35 1 23 24
M  V30 36 4 23 33
M  V30 37 1 25 26
M  V30 38 4 25 57
M  V30 39 1 27 28
M  V30 40 4 27 41
M  V30 41 1 29 30
M  V30 42 4 29 39
M  V30 43 1 31 32
M  V30 44 4 31 35
M  V30 45 1 33 34
M  V30 46 4 33 47
M  V30 47 1 35 36
M  V30 48 1 37 38
M  V30 49 4 37 53
M  V30 50 1 39 40
M  V30 51 1 41 42
M  V30 52 4 41 47
M  V30 53 1 43 44
M  V30 54 4 43 49
M  V30 55 1 45 46
M  V30 56 4 45 51
M  V30 57 1 47 48
M  V30 58 1 49 50
M  V30 59 4 49 55
M  V30 60 1 51 52
M  V30 61 4 51 53
M  V30 62 1 53 54
M  V30 63 1 55 56
M  V30 64 4 55 57
M  V30 65 1 57 58
M  V30 66 1 59 62
M  V30 67 1 59 63
M  V30 68 1 59 65
M  V30 69 1 60 61
M  V30 70 1 60 64
M  V30 71 1 60 66
M  V30 72 4 61 62
M  V30 73 4 61 69
M  V30 74 4 62 77
M  V30 75 4 63 67
M  V30 76 4 63 93
M  V30 77 4 64 79
M  V30 78 4 64 83
M  V30 79 4 65 73
M  V30 80 4 65 75
M  V30 81 4 66 81
M  V30 82 4 66 99
M  V30 83 1 67 68
M  V30 84 4 67 101
M  V30 85 1 69 70
M  V30 86 4 69 87
M  V30 87 1 71 72
M  V30 88 4 71 73
M  V30 89 4 71 95
M  V30 90 1 73 74
M  V30 91 1 75 76
M  V30 92 4 75 85
M  V30 93 1 77 78
M  V30 94 4 77 91
M  V30 95 1 79 80
M  V30 96 4 79 89
M  V30 97 1 81 82
M  V30 98 4 81 113
M  V30 99 1 83 84
M  V30 100 4 83 97
M  V30 101 1 85 86
M  V30 102 4 85 95
M  V30 103 1 87 88
M  V30 104 4 87 91
M  V30 105 1 89 90
M  V30 106 4 89 103
M  V30 107 1 91 92
M  V30 108 1 93 94
M  V30 109 4 93 109
M  V30 110 1 95 96
M  V30 111 1 97 98
M  V30 112 4 97 103
M  V30 113 1 99 100
M  V30 114 4 99 105
M  V30 115 1 101 102
M  V30 116 4 101 107
M  V30 117 1 103 104
M  V30 118 1 105 106
M  V30 119 4 105 111
M  V30 120 1 107 108
M  V30 121 4 107 109
M  V30 122 1 109 110
M  V30 123 1 111 112
M  V30 124 4 111 113
M  V30 125 1 113 114
M  V30 END BOND
M  V30 END CTAB
M  END
",https://drive.google.com/open?id=1WL7IWMwJJPvJyTYRFcqJNrfB4sBB7t9_,https://drive.google.com/open?id=1Qi-yyazVGlCk2lH2sZ29rL3e1N2wtAjq