,Month,Day,Time,Year,Condition,Temp_C
0,October,21,1900-01-01 06:01:00,2018,Rain Shower,15
1,August,5,1900-01-01 21:18:00,2017,Rain Shower,16
2,August,27,1900-01-01 04:41:00,2018,Rain Shower,16
3,July,11,1900-01-01 20:27:00,2018,Rain Shower,16
4,July,29,1900-01-01 03:42:00,2016,Showers,16
5,June,21,1900-01-01 07:01:00,2016,Showers,16
6,September,22,1900-01-01 06:03:00,2016,Few Showers,17
7,August,21,1900-01-01 13:41:00,2017,Light Rain,17
8,August,5,1900-01-01 04:08:00,2017,Rain Shower,17
9,August,6,1900-01-01 22:58:00,2018,Rain Shower,17
10,August,7,1900-01-01 01:13:00,2018,Rain Shower,17
11,August,7,1900-01-01 03:38:00,2018,Rain Shower,17
12,August,26,1900-01-01 19:46:00,2018,Rain Shower,17
13,August,26,1900-01-01 22:01:00,2018,Rain Shower,17
14,May,12,1900-01-01 03:03:00,2017,Rain Shower,17
15,September,5,1900-01-01 21:52:00,2018,Rain Shower,17
16,April,29,1900-01-01 07:02:00,2016,Showers,17
17,November,19,1900-01-01 04:46:00,2016,Showers,17
18,August,18,1900-01-01 01:22:00,2017,Light Rain,18
19,June,15,1900-01-01 04:41:00,2018,Light Rain,18
20,May,11,1900-01-01 21:58:00,2017,Light Rain,18
21,August,1,1900-01-01 22:03:00,2018,Rain,18
22,August,2,1900-01-01 00:33:00,2018,Rain,18
23,August,21,1900-01-01 05:46:00,2017,Rain,18
24,November,21,1900-01-01 02:48:00,2018,Rain,18
25,August,2,1900-01-01 21:37:00,2018,Rain Shower,18
26,August,4,1900-01-01 02:52:00,2018,Rain Shower,18
27,August,5,1900-01-01 18:53:00,2017,Rain Shower,18
28,August,20,1900-01-01 23:51:00,2017,Rain Shower,18
29,August,26,1900-01-01 17:27:00,2018,Rain Shower,18
30,July,2,1900-01-01 17:15:00,2017,Rain Shower,18
31,June,17,1900-01-01 06:39:00,2018,Rain Shower,18
32,May,23,1900-01-01 21:34:00,2018,Rain Shower,18
33,September,1,1900-01-01 02:39:00,2017,Rain Shower,18
34,June,7,1900-01-01 07:03:00,2016,Showers,18
35,June,7,1900-01-01 20:13:00,2016,Showers,18
36,May,13,1900-01-01 19:22:00,2016,Showers,18
37,May,15,1900-01-01 02:50:00,2016,Showers,18
38,September,30,1900-01-01 04:26:00,2016,Few Showers,19
39,April,23,1900-01-01 04:46:00,2017,Light Rain,19
40,August,6,1900-01-01 06:58:00,2018,Light Rain,19
41,July,4,1900-01-01 17:10:00,2017,Light Rain,19
42,July,31,1900-01-01 19:48:00,2018,Light Rain,19
43,June,18,1900-01-01 21:38:00,2018,Light Rain,19
44,May,18,1900-01-01 01:43:00,2017,Light Rain,19
45,May,19,1900-01-01 03:44:00,2017,Light Rain,19
46,October,5,1900-01-01 22:07:00,2015,Light Rain,19
47,October,19,1900-01-01 06:34:00,2015,Light Rain,19
48,April,28,1900-01-01 10:02:00,2017,Rain,19
49,August,1,1900-01-01 17:03:00,2018,Rain,19
50,August,18,1900-01-01 16:57:00,2017,Rain,19
51,July,25,1900-01-01 02:32:00,2018,Rain,19
52,June,3,1900-01-01 22:52:00,2016,Rain,19
53,June,5,1900-01-01 18:16:00,2018,Rain,19
54,June,7,1900-01-01 06:47:00,2018,Rain,19
55,June,20,1900-01-01 22:41:00,2017,Rain,19
56,November,9,1900-01-01 15:03:00,2017,Rain,19
57,September,1,1900-01-01 02:02:00,2016,Rain,19
58,September,27,1900-01-01 17:20:00,2017,Rain,19
59,April,1,1900-01-01 23:47:00,2017,Rain Shower,19
60,August,3,1900-01-01 23:32:00,2018,Rain Shower,19
61,August,4,1900-01-01 19:43:00,2017,Rain Shower,19
62,August,10,1900-01-01 22:48:00,2017,Rain Shower,19
63,August,16,1900-01-01 17:42:00,2017,Rain Shower,19
64,August,16,1900-01-01 21:35:00,2018,Rain Shower,19
65,August,17,1900-01-01 18:01:00,2018,Rain Shower,19
66,June,4,1900-01-01 10:16:00,2018,Rain Shower,19
67,June,15,1900-01-01 17:54:00,2018,Rain Shower,19
68,June,16,1900-01-01 22:49:00,2018,Rain Shower,19
69,May,7,1900-01-01 23:07:00,2017,Rain Shower,19
70,May,25,1900-01-01 22:46:00,2018,Rain Shower,19
71,November,20,1900-01-01 20:03:00,2018,Rain Shower,19
72,October,6,1900-01-01 20:25:00,2018,Rain Shower,19
73,October,28,1900-01-01 23:22:00,2018,Rain Shower,19
74,April,29,1900-01-01 20:07:00,2016,Showers,19
75,June,2,1900-01-01 04:51:00,2016,Showers,19
76,June,4,1900-01-01 06:50:00,2016,Showers,19
77,October,5,1900-01-01 02:27:00,2016,Showers,19
78,September,1,1900-01-01 08:02:00,2016,Showers,19
79,December,1,1900-01-01 00:26:00,2016,Few Showers,20
80,September,8,1900-01-01 00:31:00,2016,Few Showers,20
81,August,19,1900-01-01 19:51:00,2017,Light Rain,20
82,August,26,1900-01-01 06:22:00,2018,Light Rain,20
83,January,19,1900-01-01 07:34:00,2016,Light Rain,20
84,July,22,1900-01-01 04:28:00,2018,Light Rain,20
85,November,21,1900-01-01 12:38:00,2015,Light Rain,20
86,October,5,1900-01-01 06:56:00,2015,Light Rain,20
87,October,5,1900-01-01 19:53:00,2015,Light Rain,20
88,October,6,1900-01-01 18:10:00,2018,Light Rain,20
89,October,18,1900-01-01 18:53:00,2015,Light Rain,20
90,October,18,1900-01-01 08:23:00,2015,Light Rain,20
91,August,6,1900-01-01 11:18:00,2018,Rain,20
92,February,6,1900-01-01 03:05:00,2018,Rain,20
93,September,14,1900-01-01 19:49:00,2018,Rain,20
94,August,7,1900-01-01 15:58:00,2018,Rain Shower,20
95,August,15,1900-01-01 18:49:00,2017,Rain Shower,20
96,August,27,1900-01-01 14:41:00,2018,Rain Shower,20
97,August,31,1900-01-01 18:39:00,2017,Rain Shower,20
98,July,21,1900-01-01 22:28:00,2018,Rain Shower,20
99,July,24,1900-01-01 21:22:00,2018,Rain Shower,20
100,June,4,1900-01-01 16:16:00,2018,Rain Shower,20
101,June,8,1900-01-01 00:17:00,2018,Rain Shower,20
102,November,1,1900-01-01 04:36:00,2017,Rain Shower,20
103,October,29,1900-01-01 09:21:00,2018,Rain Shower,20
104,June,2,1900-01-01 23:29:00,2016,Showers,20
105,October,2,1900-01-01 18:07:00,2016,Few Showers,21
106,October,6,1900-01-01 07:37:00,2016,Few Showers,21
107,October,10,1900-01-01 17:36:00,2016,Few Showers,21
108,October,10,1900-01-01 19:21:00,2016,Few Showers,21
109,October,30,1900-01-01 10:02:00,2016,Few Showers,21
110,September,16,1900-01-01 01:38:00,2016,Few Showers,21
111,September,26,1900-01-01 15:31:00,2016,Few Showers,21
112,September,27,1900-01-01 18:15:00,2016,Few Showers,21
113,September,30,1900-01-01 06:11:00,2016,Few Showers,21
114,April,21,1900-01-01 05:09:00,2018,Light Rain,21
115,December,7,1900-01-01 14:19:00,2015,Light Rain,21
116,February,5,1900-01-01 06:16:00,2018,Light Rain,21
117,February,29,1900-01-01 23:55:00,2016,Light Rain,21
118,January,19,1900-01-01 00:04:00,2016,Light Rain,21
119,January,21,1900-01-01 04:29:00,2016,Light Rain,21
120,January,21,1900-01-01 06:44:00,2016,Light Rain,21
121,January,23,1900-01-01 03:53:00,2016,Light Rain,21
122,July,5,1900-01-01 16:29:00,2017,Light Rain,21
123,June,6,1900-01-01 18:57:00,2018,Light Rain,21
124,November,2,1900-01-01 07:45:00,2015,Light Rain,21
125,November,8,1900-01-01 04:32:00,2015,Light Rain,21
126,November,21,1900-01-01 17:11:00,2015,Light Rain,21
127,October,3,1900-01-01 18:11:00,2017,Light Rain,21
128,October,5,1900-01-01 00:06:00,2015,Light Rain,21
129,October,8,1900-01-01 20:33:00,2017,Light Rain,21
130,October,23,1900-01-01 05:04:00,2017,Light Rain,21
131,October,24,1900-01-01 23:55:00,2015,Light Rain,21
132,October,26,1900-01-01 02:07:00,2018,Light Rain,21
133,April,24,1900-01-01 14:02:00,2018,Rain,21
134,August,3,1900-01-01 20:19:00,2017,Rain,21
135,August,17,1900-01-01 13:22:00,2017,Rain,21
136,August,20,1900-01-01 19:51:00,2017,Rain,21
137,January,8,1900-01-01 04:42:00,2018,Rain,21
138,June,13,1900-01-01 18:07:00,2017,Rain,21
139,June,16,1900-01-01 13:44:00,2018,Rain,21
140,May,14,1900-01-01 15:13:00,2017,Rain,21
141,November,30,1900-01-01 13:34:00,2017,Rain,21
142,October,7,1900-01-01 14:25:00,2018,Rain,21
143,October,23,1900-01-01 03:34:00,2017,Rain,21
144,September,14,1900-01-01 15:49:00,2018,Rain,21
145,April,16,1900-01-01 05:30:00,2018,Rain Shower,21
146,April,18,1900-01-01 00:45:00,2017,Rain Shower,21
147,April,21,1900-01-01 22:59:00,2018,Rain Shower,21
148,August,3,1900-01-01 15:47:00,2018,Rain Shower,21
149,August,16,1900-01-01 16:35:00,2018,Rain Shower,21
150,August,26,1900-01-01 00:22:00,2018,Rain Shower,21
151,July,4,1900-01-01 15:40:00,2017,Rain Shower,21
152,July,10,1900-01-01 01:17:00,2018,Rain Shower,21
153,July,18,1900-01-01 12:11:00,2017,Rain Shower,21
154,July,30,1900-01-01 22:03:00,2018,Rain Shower,21
155,March,28,1900-01-01 19:40:00,2017,Rain Shower,21
156,March,28,1900-01-01 21:11:00,2017,Rain Shower,21
157,March,28,1900-01-01 22:45:00,2017,Rain Shower,21
158,March,29,1900-01-01 22:20:00,2017,Rain Shower,21
159,May,8,1900-01-01 01:25:00,2018,Rain Shower,21
160,May,10,1900-01-01 23:03:00,2017,Rain Shower,21
161,May,20,1900-01-01 03:38:00,2018,Rain Shower,21
162,November,1,1900-01-01 00:41:00,2017,Rain Shower,21
163,November,9,1900-01-01 21:53:00,2018,Rain Shower,21
164,November,17,1900-01-01 03:08:00,2018,Rain Shower,21
165,November,26,1900-01-01 22:58:00,2018,Rain Shower,21
166,October,14,1900-01-01 22:08:00,2018,Rain Shower,21
167,October,16,1900-01-01 00:33:00,2018,Rain Shower,21
168,September,14,1900-01-01 23:49:00,2018,Rain Shower,21
169,May,7,1900-01-01 19:53:00,2016,Showers,21
170,November,23,1900-01-01 03:30:00,2016,Showers,21
171,October,9,1900-01-01 18:16:00,2016,Showers,21
172,October,29,1900-01-01 20:27:00,2016,Showers,21
173,September,9,1900-01-01 16:26:00,2016,Showers,21
174,September,16,1900-01-01 17:28:00,2016,Showers,21
175,September,21,1900-01-01 17:29:00,2016,Showers,21
176,September,26,1900-01-01 16:25:00,2016,Showers,21
177,September,29,1900-01-01 20:22:00,2016,Showers,21
178,June,6,1900-01-01 20:13:00,2016,Thunderstorms,21
179,December,16,1900-01-01 10:44:00,2016,Few Showers,22
180,September,16,1900-01-01 07:38:00,2016,Few Showers,22
181,September,19,1900-01-01 21:24:00,2016,Few Showers,22
182,November,18,1900-01-01 04:46:00,2016,Isolated Thunderstorms,22
183,April,14,1900-01-01 22:50:00,2017,Light Rain,22
184,December,1,1900-01-01 18:41:00,2015,Light Rain,22
185,December,3,1900-01-01 01:03:00,2015,Light Rain,22
186,December,3,1900-01-01 16:08:00,2015,Light Rain,22
187,December,3,1900-01-01 08:35:00,2015,Light Rain,22
188,December,7,1900-01-01 16:36:00,2015,Light Rain,22
189,December,8,1900-01-01 00:11:00,2015,Light Rain,22
190,December,26,1900-01-01 06:54:00,2018,Light Rain,22
191,December,27,1900-01-01 00:54:00,2018,Light Rain,22
192,February,21,1900-01-01 22:56:00,2016,Light Rain,22
193,January,9,1900-01-01 02:42:00,2018,Light Rain,22
194,January,18,1900-01-01 21:04:00,2016,Light Rain,22
195,January,19,1900-01-01 11:19:00,2016,Light Rain,22
196,January,20,1900-01-01 18:37:00,2016,Light Rain,22
197,January,20,1900-01-01 23:15:00,2016,Light Rain,22
198,January,21,1900-01-01 00:44:00,2016,Light Rain,22
199,January,22,1900-01-01 09:03:00,2016,Light Rain,22
200,July,1,1900-01-01 17:13:00,2017,Light Rain,22
201,July,9,1900-01-01 18:52:00,2018,Light Rain,22
202,June,14,1900-01-01 07:46:00,2018,Light Rain,22
203,June,23,1900-01-01 17:09:00,2017,Light Rain,22
204,March,2,1900-01-01 04:49:00,2016,Light Rain,22
205,May,13,1900-01-01 07:51:00,2018,Light Rain,22
206,November,2,1900-01-01 05:39:00,2018,Light Rain,22
207,November,4,1900-01-01 22:12:00,2015,Light Rain,22
208,November,4,1900-01-01 20:31:00,2018,Light Rain,22
209,November,5,1900-01-01 23:25:00,2017,Light Rain,22
210,November,8,1900-01-01 00:02:00,2015,Light Rain,22
211,November,25,1900-01-01 23:48:00,2015,Light Rain,22
212,November,26,1900-01-01 02:28:00,2018,Light Rain,22
213,October,7,1900-01-01 22:45:00,2018,Light Rain,22
214,October,14,1900-01-01 18:13:00,2018,Light Rain,22
215,October,25,1900-01-01 08:12:00,2018,Light Rain,22
216,October,28,1900-01-01 22:03:00,2015,Light Rain,22
217,October,29,1900-01-01 02:48:00,2015,Light Rain,22
218,October,29,1900-01-01 06:55:00,2015,Light Rain,22
219,September,25,1900-01-01 23:30:00,2015,Light Rain,22
220,September,28,1900-01-01 03:37:00,2018,Light Rain,22
221,September,29,1900-01-01 06:10:00,2015,Light Rain,22
222,November,23,1900-01-01 09:12:00,2015,Light Rain with Thunder,22
223,April,22,1900-01-01 05:09:00,2017,Rain,22
224,August,25,1900-01-01 20:42:00,2018,Rain,22
225,December,7,1900-01-01 20:19:00,2017,Rain,22
226,June,7,1900-01-01 15:32:00,2018,Rain,22
227,June,13,1900-01-01 17:51:00,2018,Rain,22
228,March,1,1900-01-01 15:23:00,2016,Rain,22
229,March,19,1900-01-01 21:38:00,2017,Rain,22
230,March,30,1900-01-01 11:32:00,2018,Rain,22
231,May,21,1900-01-01 23:12:00,2017,Rain,22
232,November,7,1900-01-01 22:38:00,2018,Rain,22
233,November,10,1900-01-01 23:03:00,2017,Rain,22
234,November,21,1900-01-01 00:52:00,2017,Rain,22
235,November,30,1900-01-01 20:44:00,2017,Rain,22
236,October,7,1900-01-01 14:58:00,2017,Rain,22
237,October,23,1900-01-01 11:44:00,2017,Rain,22
238,October,26,1900-01-01 18:35:00,2017,Rain,22
239,October,30,1900-01-01 13:06:00,2017,Rain,22
240,September,3,1900-01-01 19:37:00,2018,Rain,22
241,September,30,1900-01-01 09:30:00,2017,Rain,22
242,April,7,1900-01-01 23:13:00,2018,Rain Shower,22
243,April,18,1900-01-01 08:45:00,2017,Rain Shower,22
244,April,23,1900-01-01 16:02:00,2018,Rain Shower,22
245,August,1,1900-01-01 11:03:00,2018,Rain Shower,22
246,August,2,1900-01-01 13:03:00,2018,Rain Shower,22
247,December,12,1900-01-01 02:47:00,2017,Rain Shower,22
248,December,12,1900-01-01 04:22:00,2017,Rain Shower,22
249,December,12,1900-01-01 18:27:00,2017,Rain Shower,22
250,February,2,1900-01-01 23:09:00,2017,Rain Shower,22
251,February,6,1900-01-01 23:38:00,2018,Rain Shower,22
252,January,5,1900-01-01 09:01:00,2018,Rain Shower,22
253,January,8,1900-01-01 23:17:00,2018,Rain Shower,22
254,January,8,1900-01-01 00:07:00,2018,Rain Shower,22
255,July,3,1900-01-01 19:13:00,2018,Rain Shower,22
256,July,4,1900-01-01 09:13:00,2018,Rain Shower,22
257,June,17,1900-01-01 17:19:00,2018,Rain Shower,22
258,March,20,1900-01-01 20:26:00,2017,Rain Shower,22
259,May,3,1900-01-01 15:35:00,2017,Rain Shower,22
260,May,6,1900-01-01 21:48:00,2018,Rain Shower,22
261,November,6,1900-01-01 15:10:00,2017,Rain Shower,22
262,November,11,1900-01-01 15:58:00,2017,Rain Shower,22
263,November,11,1900-01-01 17:28:00,2017,Rain Shower,22
264,November,11,1900-01-01 02:23:00,2018,Rain Shower,22
265,November,11,1900-01-01 05:23:00,2018,Rain Shower,22
266,November,16,1900-01-01 20:49:00,2017,Rain Shower,22
267,November,27,1900-01-01 21:16:00,2018,Rain Shower,22
268,October,2,1900-01-01 15:41:00,2017,Rain Shower,22
269,October,15,1900-01-01 16:58:00,2018,Rain Shower,22
270,October,25,1900-01-01 19:27:00,2018,Rain Shower,22
271,May,23,1900-01-01 10:47:00,2016,Scattered Thunderstorms,22
272,October,11,1900-01-01 19:34:00,2016,Scattered Thunderstorms,22
273,December,10,1900-01-01 03:11:00,2016,Showers,22
274,November,30,1900-01-01 19:51:00,2016,Showers,22
275,October,2,1900-01-01 10:37:00,2016,Showers,22
276,October,28,1900-01-01 17:46:00,2016,Showers,22
277,November,23,1900-01-01 03:57:00,2015,Thunder,22
278,May,10,1900-01-01 20:01:00,2016,Thunderstorms,22
279,November,24,1900-01-01 06:35:00,2016,Few Showers,23
280,September,9,1900-01-01 14:20:00,2016,Few Showers,23
281,September,24,1900-01-01 16:08:00,2016,Few Showers,23
282,November,10,1900-01-01 02:46:00,2016,Isolated Thunderstorms,23
283,April,6,1900-01-01 01:02:00,2018,Light Rain,23
284,December,6,1900-01-01 21:20:00,2018,Light Rain,23
285,December,8,1900-01-01 04:39:00,2017,Light Rain,23
286,February,22,1900-01-01 22:29:00,2016,Light Rain,23
287,January,18,1900-01-01 16:31:00,2016,Light Rain,23
288,January,20,1900-01-01 12:37:00,2016,Light Rain,23
289,January,22,1900-01-01 12:48:00,2016,Light Rain,23
290,January,29,1900-01-01 06:51:00,2016,Light Rain,23
291,March,1,1900-01-01 12:48:00,2016,Light Rain,23
292,March,24,1900-01-01 05:11:00,2016,Light Rain,23
293,November,3,1900-01-01 07:05:00,2015,Light Rain,23
294,November,4,1900-01-01 08:42:00,2015,Light Rain,23
295,November,6,1900-01-01 09:54:00,2015,Light Rain,23
296,November,9,1900-01-01 09:14:00,2015,Light Rain,23
297,November,9,1900-01-01 00:11:00,2015,Light Rain,23
298,November,10,1900-01-01 23:53:00,2018,Light Rain,23
299,November,17,1900-01-01 03:53:00,2015,Light Rain,23
300,November,23,1900-01-01 19:06:00,2015,Light Rain,23
301,November,23,1900-01-01 02:52:00,2018,Light Rain,23
302,November,25,1900-01-01 20:36:00,2015,Light Rain,23
303,November,28,1900-01-01 07:16:00,2017,Light Rain,23
304,October,3,1900-01-01 03:30:00,2017,Light Rain,23
305,October,14,1900-01-01 03:15:00,2018,Light Rain,23
306,October,15,1900-01-01 03:37:00,2017,Light Rain,23
307,October,18,1900-01-01 01:53:00,2018,Light Rain,23
308,October,22,1900-01-01 18:09:00,2015,Light Rain,23
309,October,27,1900-01-01 23:00:00,2015,Light Rain,23
310,October,28,1900-01-01 18:00:00,2015,Light Rain,23
311,October,28,1900-01-01 08:51:00,2015,Light Rain,23
312,September,20,1900-01-01 22:53:00,2018,Light Rain,23
313,September,26,1900-01-01 02:04:00,2015,Light Rain,23
314,September,28,1900-01-01 09:53:00,2015,Light Rain,23
315,September,28,1900-01-01 21:14:00,2018,Light Rain,23
316,February,16,1900-01-01 21:33:00,2016,Light Rain with Thunder,23
317,February,21,1900-01-01 19:12:00,2016,Light Rain with Thunder,23
318,November,28,1900-01-01 23:04:00,2015,Light Rain with Thunder,23
319,April,22,1900-01-01 09:14:00,2017,Rain,23
320,August,18,1900-01-01 13:24:00,2017,Rain,23
321,December,16,1900-01-01 14:21:00,2017,Rain,23
322,February,1,1900-01-01 14:44:00,2017,Rain,23
323,January,8,1900-01-01 08:57:00,2018,Rain,23
324,January,12,1900-01-01 15:04:00,2018,Rain,23
325,January,16,1900-01-01 14:59:00,2018,Rain,23
326,January,29,1900-01-01 14:35:00,2017,Rain,23
327,March,18,1900-01-01 05:03:00,2017,Rain,23
328,March,18,1900-01-01 23:18:00,2017,Rain,23
329,November,2,1900-01-01 19:39:00,2015,Rain,23
330,November,7,1900-01-01 12:48:00,2018,Rain,23
331,November,10,1900-01-01 17:58:00,2017,Rain,23
332,November,11,1900-01-01 14:48:00,2018,Rain,23
333,November,11,1900-01-01 22:28:00,2018,Rain,23
334,October,3,1900-01-01 16:41:00,2017,Rain,23
335,October,3,1900-01-01 08:51:00,2017,Rain,23
336,October,8,1900-01-01 12:55:00,2018,Rain,23
337,October,21,1900-01-01 21:44:00,2017,Rain,23
338,October,24,1900-01-01 18:37:00,2018,Rain,23
339,October,28,1900-01-01 00:29:00,2017,Rain,23
340,September,17,1900-01-01 13:47:00,2018,Rain,23
341,September,20,1900-01-01 14:18:00,2018,Rain,23
342,September,27,1900-01-01 14:02:00,2018,Rain,23
343,April,6,1900-01-01 23:02:00,2018,Rain Shower,23
344,April,14,1900-01-01 23:35:00,2018,Rain Shower,23
345,April,15,1900-01-01 01:05:00,2018,Rain Shower,23
346,April,16,1900-01-01 09:30:00,2018,Rain Shower,23
347,April,25,1900-01-01 16:03:00,2018,Rain Shower,23
348,April,27,1900-01-01 04:37:00,2017,Rain Shower,23
349,August,9,1900-01-01 18:06:00,2018,Rain Shower,23
350,August,25,1900-01-01 16:42:00,2018,Rain Shower,23
351,August,31,1900-01-01 12:39:00,2017,Rain Shower,23
352,December,1,1900-01-01 11:19:00,2017,Rain Shower,23
353,December,7,1900-01-01 16:53:00,2018,Rain Shower,23
354,February,14,1900-01-01 07:10:00,2018,Rain Shower,23
355,January,5,1900-01-01 10:31:00,2018,Rain Shower,23
356,January,22,1900-01-01 23:53:00,2017,Rain Shower,23
357,January,30,1900-01-01 04:14:00,2018,Rain Shower,23
358,June,3,1900-01-01 13:26:00,2018,Rain Shower,23
359,June,18,1900-01-01 13:44:00,2018,Rain Shower,23
360,June,24,1900-01-01 17:09:00,2017,Rain Shower,23
361,March,9,1900-01-01 07:54:00,2018,Rain Shower,23
362,March,14,1900-01-01 04:08:00,2017,Rain Shower,23
363,March,20,1900-01-01 13:31:00,2017,Rain Shower,23
364,March,28,1900-01-01 19:36:00,2018,Rain Shower,23
365,May,7,1900-01-01 17:40:00,2018,Rain Shower,23
366,May,8,1900-01-01 11:01:00,2018,Rain Shower,23
367,November,4,1900-01-01 18:56:00,2018,Rain Shower,23
368,November,11,1900-01-01 14:28:00,2017,Rain Shower,23
369,November,19,1900-01-01 20:37:00,2017,Rain Shower,23
370,November,22,1900-01-01 06:52:00,2017,Rain Shower,23
371,November,22,1900-01-01 21:02:00,2018,Rain Shower,23
372,November,23,1900-01-01 06:37:00,2018,Rain Shower,23
373,November,28,1900-01-01 05:41:00,2017,Rain Shower,23
374,October,2,1900-01-01 21:30:00,2017,Rain Shower,23
375,October,7,1900-01-01 11:25:00,2018,Rain Shower,23
376,October,11,1900-01-01 05:15:00,2018,Rain Shower,23
377,October,12,1900-01-01 07:45:00,2018,Rain Shower,23
378,October,14,1900-01-01 16:18:00,2018,Rain Shower,23
379,October,14,1900-01-01 06:33:00,2018,Rain Shower,23
380,September,27,1900-01-01 19:32:00,2018,Rain Shower,23
381,May,11,1900-01-01 11:23:00,2016,Scattered Thunderstorms,23
382,November,12,1900-01-01 04:09:00,2016,Scattered Thunderstorms,23
383,December,5,1900-01-01 18:45:00,2016,Showers,23
384,December,17,1900-01-01 08:45:00,2016,Showers,23
385,October,5,1900-01-01 14:17:00,2016,Showers,23
386,November,6,1900-01-01 19:17:00,2015,Thunderstorm,23
387,December,5,1900-01-01 09:20:00,2016,Isolated Thunderstorms,24
388,January,12,1900-01-01 07:33:00,2017,Isolated Thunderstorms,24
389,April,4,1900-01-01 18:52:00,2018,Light Rain,24
390,April,12,1900-01-01 17:55:00,2018,Light Rain,24
391,April,27,1900-01-01 15:57:00,2017,Light Rain,24
392,December,5,1900-01-01 21:44:00,2015,Light Rain,24
393,December,6,1900-01-01 20:45:00,2015,Light Rain,24
394,December,9,1900-01-01 23:58:00,2015,Light Rain,24
395,December,16,1900-01-01 20:26:00,2017,Light Rain,24
396,December,27,1900-01-01 21:04:00,2018,Light Rain,24
397,February,11,1900-01-01 20:52:00,2016,Light Rain,24
398,February,15,1900-01-01 18:59:00,2016,Light Rain,24
399,February,18,1900-01-01 02:42:00,2016,Light Rain,24
400,February,26,1900-01-01 02:32:00,2017,Light Rain,24
401,January,2,1900-01-01 03:29:00,2016,Light Rain,24
402,January,9,1900-01-01 22:32:00,2018,Light Rain,24
403,January,12,1900-01-01 01:15:00,2016,Light Rain,24
404,January,14,1900-01-01 04:04:00,2016,Light Rain,24
405,January,15,1900-01-01 17:39:00,2016,Light Rain,24
406,January,16,1900-01-01 21:39:00,2016,Light Rain,24
407,January,23,1900-01-01 02:55:00,2018,Light Rain,24
408,January,30,1900-01-01 20:36:00,2017,Light Rain,24
409,June,7,1900-01-01 10:47:00,2018,Light Rain,24
410,June,20,1900-01-01 14:36:00,2017,Light Rain,24
411,March,3,1900-01-01 02:24:00,2017,Light Rain,24
412,March,8,1900-01-01 21:49:00,2017,Light Rain,24
413,March,21,1900-01-01 18:31:00,2017,Light Rain,24
414,March,25,1900-01-01 07:53:00,2016,Light Rain,24
415,March,27,1900-01-01 17:56:00,2018,Light Rain,24
416,March,29,1900-01-01 17:32:00,2018,Light Rain,24
417,March,31,1900-01-01 17:07:00,2018,Light Rain,24
418,May,5,1900-01-01 14:50:00,2017,Light Rain,24
419,November,3,1900-01-01 16:12:00,2015,Light Rain,24
420,November,6,1900-01-01 12:56:00,2015,Light Rain,24
421,November,9,1900-01-01 11:58:00,2018,Light Rain,24
422,November,10,1900-01-01 10:08:00,2018,Light Rain,24
423,November,11,1900-01-01 20:08:00,2018,Light Rain,24
424,November,19,1900-01-01 19:02:00,2017,Light Rain,24
425,November,24,1900-01-01 18:31:00,2015,Light Rain,24
426,November,29,1900-01-01 20:14:00,2015,Light Rain,24
427,November,30,1900-01-01 21:58:00,2018,Light Rain,24
428,October,3,1900-01-01 11:21:00,2017,Light Rain,24
429,October,4,1900-01-01 20:52:00,2018,Light Rain,24
430,October,9,1900-01-01 18:50:00,2017,Light Rain,24
431,October,18,1900-01-01 05:58:00,2018,Light Rain,24
432,October,27,1900-01-01 22:09:00,2017,Light Rain,24
433,October,27,1900-01-01 20:17:00,2018,Light Rain,24
434,October,31,1900-01-01 21:11:00,2018,Light Rain,24
435,September,18,1900-01-01 16:08:00,2018,Light Rain,24
436,September,27,1900-01-01 20:00:00,2015,Light Rain,24
437,September,30,1900-01-01 17:09:00,2018,Light Rain,24
438,March,12,1900-01-01 20:17:00,2016,Light Rain with Thunder,24
439,April,2,1900-01-01 20:58:00,2018,Rain,24
440,April,3,1900-01-01 20:13:00,2018,Rain,24
441,April,7,1900-01-01 13:42:00,2018,Rain,24
442,April,8,1900-01-01 15:08:00,2018,Rain,24
443,April,22,1900-01-01 13:31:00,2017,Rain,24
444,December,1,1900-01-01 15:21:00,2018,Rain,24
445,December,18,1900-01-01 14:19:00,2017,Rain,24
446,December,21,1900-01-01 06:53:00,2017,Rain,24
447,December,23,1900-01-01 15:26:00,2017,Rain,24
448,December,26,1900-01-01 14:20:00,2018,Rain,24
449,December,26,1900-01-01 14:54:00,2018,Rain,24
450,December,27,1900-01-01 14:54:00,2018,Rain,24
451,February,2,1900-01-01 18:34:00,2017,Rain,24
452,February,13,1900-01-01 18:55:00,2018,Rain,24
453,February,16,1900-01-01 14:58:00,2018,Rain,24
454,February,26,1900-01-01 13:08:00,2018,Rain,24
455,February,28,1900-01-01 13:20:00,2017,Rain,24
456,January,4,1900-01-01 22:23:00,2019,Rain,24
457,January,5,1900-01-01 20:13:00,2018,Rain,24
458,January,12,1900-01-01 05:45:00,2016,Rain,24
459,January,13,1900-01-01 21:03:00,2016,Rain,24
460,January,13,1900-01-01 13:26:00,2018,Rain,24
461,January,17,1900-01-01 14:49:00,2018,Rain,24
462,January,21,1900-01-01 14:34:00,2017,Rain,24
463,January,22,1900-01-01 14:33:00,2017,Rain,24
464,January,23,1900-01-01 20:25:00,2018,Rain,24
465,January,30,1900-01-01 14:31:00,2017,Rain,24
466,January,30,1900-01-01 16:50:00,2017,Rain,24
467,January,30,1900-01-01 07:49:00,2018,Rain,24
468,March,1,1900-01-01 17:05:00,2017,Rain,24
469,March,10,1900-01-01 16:19:00,2017,Rain,24
470,May,22,1900-01-01 10:22:00,2017,Rain,24
471,November,3,1900-01-01 16:34:00,2018,Rain,24
472,November,13,1900-01-01 17:58:00,2018,Rain,24
473,November,14,1900-01-01 17:58:00,2018,Rain,24
474,November,19,1900-01-01 12:37:00,2017,Rain,24
475,November,19,1900-01-01 13:08:00,2018,Rain,24
476,November,21,1900-01-01 14:52:00,2017,Rain,24
477,November,26,1900-01-01 10:08:00,2018,Rain,24
478,November,27,1900-01-01 14:06:00,2017,Rain,24
479,October,10,1900-01-01 12:55:00,2018,Rain,24
480,October,13,1900-01-01 20:05:00,2018,Rain,24
481,October,18,1900-01-01 13:33:00,2018,Rain,24
482,October,30,1900-01-01 20:56:00,2017,Rain,24
483,September,27,1900-01-01 16:17:00,2018,Rain,24
484,April,8,1900-01-01 21:57:00,2017,Rain Shower,24
485,April,12,1900-01-01 15:35:00,2018,Rain Shower,24
486,April,14,1900-01-01 21:20:00,2018,Rain Shower,24
487,April,15,1900-01-01 09:30:00,2018,Rain Shower,24
488,August,19,1900-01-01 16:01:00,2017,Rain Shower,24
489,December,2,1900-01-01 17:35:00,2017,Rain Shower,24
490,December,2,1900-01-01 19:01:00,2018,Rain Shower,24
491,December,3,1900-01-01 21:30:00,2017,Rain Shower,24
492,December,4,1900-01-01 14:20:00,2018,Rain Shower,24
493,December,5,1900-01-01 20:20:00,2018,Rain Shower,24
494,December,7,1900-01-01 11:18:00,2018,Rain Shower,24
495,December,12,1900-01-01 09:02:00,2017,Rain Shower,24
496,December,12,1900-01-01 12:57:00,2017,Rain Shower,24
497,February,14,1900-01-01 23:10:00,2018,Rain Shower,24
498,February,19,1900-01-01 17:24:00,2017,Rain Shower,24
499,February,21,1900-01-01 12:29:00,2017,Rain Shower,24
500,January,4,1900-01-01 10:31:00,2018,Rain Shower,24
501,January,6,1900-01-01 00:11:00,2018,Rain Shower,24
502,January,13,1900-01-01 14:56:00,2018,Rain Shower,24
503,January,18,1900-01-01 20:04:00,2018,Rain Shower,24
504,January,20,1900-01-01 23:54:00,2018,Rain Shower,24
505,January,22,1900-01-01 00:39:00,2018,Rain Shower,24
506,January,27,1900-01-01 08:37:00,2018,Rain Shower,24
507,January,31,1900-01-01 14:44:00,2017,Rain Shower,24
508,July,31,1900-01-01 13:03:00,2018,Rain Shower,24
509,March,14,1900-01-01 21:38:00,2017,Rain Shower,24
510,March,20,1900-01-01 10:21:00,2017,Rain Shower,24
511,March,22,1900-01-01 01:31:00,2018,Rain Shower,24
512,March,23,1900-01-01 19:04:00,2018,Rain Shower,24
513,March,29,1900-01-01 13:46:00,2018,Rain Shower,24
514,May,2,1900-01-01 15:52:00,2018,Rain Shower,24
515,May,13,1900-01-01 13:01:00,2018,Rain Shower,24
516,May,17,1900-01-01 15:37:00,2018,Rain Shower,24
517,May,25,1900-01-01 15:19:00,2018,Rain Shower,24
518,November,4,1900-01-01 01:04:00,2018,Rain Shower,24
519,November,9,1900-01-01 13:33:00,2018,Rain Shower,24
520,November,10,1900-01-01 20:53:00,2018,Rain Shower,24
521,November,12,1900-01-01 20:53:00,2018,Rain Shower,24
522,November,22,1900-01-01 11:52:00,2017,Rain Shower,24
523,November,27,1900-01-01 15:58:00,2018,Rain Shower,24
524,November,28,1900-01-01 14:18:00,2018,Rain Shower,24
525,November,30,1900-01-01 18:08:00,2018,Rain Shower,24
526,October,1,1900-01-01 01:39:00,2018,Rain Shower,24
527,October,9,1900-01-01 09:05:00,2018,Rain Shower,24
528,October,11,1900-01-01 08:30:00,2018,Rain Shower,24
529,October,16,1900-01-01 10:03:00,2018,Rain Shower,24
530,October,17,1900-01-01 23:18:00,2018,Rain Shower,24
531,October,25,1900-01-01 14:42:00,2018,Rain Shower,24
532,October,27,1900-01-01 07:42:00,2018,Rain Shower,24
533,October,31,1900-01-01 17:31:00,2017,Rain Shower,24
534,September,18,1900-01-01 18:47:00,2018,Rain Shower,24
535,September,30,1900-01-01 21:44:00,2018,Rain Shower,24
536,December,4,1900-01-01 07:44:00,2016,Scattered Thunderstorms,24
537,November,18,1900-01-01 08:06:00,2016,Scattered Thunderstorms,24
538,September,8,1900-01-01 14:14:00,2016,Scattered Thunderstorms,24
539,January,13,1900-01-01 03:33:00,2017,Showers,24
540,January,13,1900-01-01 07:08:00,2017,Showers,24
541,January,14,1900-01-01 00:53:00,2017,Showers,24
542,November,22,1900-01-01 19:00:00,2016,Showers,24
543,November,23,1900-01-01 09:40:00,2016,Showers,24
544,January,17,1900-01-01 05:38:00,2017,Few Showers,25
545,November,6,1900-01-01 10:30:00,2016,Few Showers,25
546,April,7,1900-01-01 01:23:00,2017,Light Rain,25
547,April,12,1900-01-01 15:45:00,2017,Light Rain,25
548,April,14,1900-01-01 14:15:00,2017,Light Rain,25
549,April,27,1900-01-01 11:42:00,2017,Light Rain,25
550,December,1,1900-01-01 14:19:00,2017,Light Rain,25
551,December,3,1900-01-01 16:35:00,2017,Light Rain,25
552,February,11,1900-01-01 07:05:00,2016,Light Rain,25
553,February,16,1900-01-01 04:35:00,2016,Light Rain,25
554,February,25,1900-01-01 15:52:00,2017,Light Rain,25
555,January,2,1900-01-01 16:59:00,2016,Light Rain,25
556,January,3,1900-01-01 19:15:00,2016,Light Rain,25
557,January,3,1900-01-01 11:00:00,2016,Light Rain,25
558,January,11,1900-01-01 23:04:00,2018,Light Rain,25
559,January,12,1900-01-01 09:30:00,2016,Light Rain,25
560,January,14,1900-01-01 16:49:00,2016,Light Rain,25
561,January,14,1900-01-01 23:41:00,2016,Light Rain,25
562,January,15,1900-01-01 09:24:00,2016,Light Rain,25
563,January,28,1900-01-01 09:09:00,2016,Light Rain,25
564,January,28,1900-01-01 21:49:00,2016,Light Rain,25
565,March,21,1900-01-01 01:31:00,2018,Light Rain,25
566,March,26,1900-01-01 06:46:00,2016,Light Rain,25
567,March,27,1900-01-01 19:36:00,2018,Light Rain,25
568,November,2,1900-01-01 13:05:00,2015,Light Rain,25
569,November,16,1900-01-01 08:18:00,2018,Light Rain,25
570,November,20,1900-01-01 11:22:00,2015,Light Rain,25
571,November,21,1900-01-01 08:05:00,2015,Light Rain,25
572,November,27,1900-01-01 18:51:00,2017,Light Rain,25
573,November,30,1900-01-01 20:28:00,2018,Light Rain,25
574,October,22,1900-01-01 16:26:00,2015,Light Rain,25
575,October,22,1900-01-01 19:44:00,2017,Light Rain,25
576,October,24,1900-01-01 15:32:00,2018,Light Rain,25
577,September,26,1900-01-01 16:50:00,2015,Light Rain,25
578,January,7,1900-01-01 17:17:00,2018,Light Rain with Thunder,25
579,February,4,1900-01-01 14:31:00,2017,Rain,25
580,February,26,1900-01-01 12:52:00,2017,Rain,25
581,February,26,1900-01-01 17:38:00,2018,Rain,25
582,January,3,1900-01-01 13:42:00,2018,Rain,25
583,January,3,1900-01-01 20:48:00,2019,Rain,25
584,January,4,1900-01-01 20:03:00,2019,Rain,25
585,January,13,1900-01-01 19:32:00,2018,Rain,25
586,January,26,1900-01-01 17:17:00,2018,Rain,25
587,June,12,1900-01-01 16:07:00,2017,Rain,25
588,June,13,1900-01-01 14:07:00,2017,Rain,25
589,March,18,1900-01-01 10:28:00,2017,Rain,25
590,March,23,1900-01-01 14:06:00,2018,Rain,25
591,May,21,1900-01-01 12:22:00,2017,Rain,25
592,November,19,1900-01-01 05:48:00,2018,Rain,25
593,November,22,1900-01-01 15:37:00,2017,Rain,25
594,April,1,1900-01-01 17:08:00,2018,Rain Shower,25
595,April,11,1900-01-01 13:20:00,2018,Rain Shower,25
596,April,14,1900-01-01 17:55:00,2018,Rain Shower,25
597,December,3,1900-01-01 15:05:00,2017,Rain Shower,25
598,December,27,1900-01-01 12:39:00,2018,Rain Shower,25
599,February,11,1900-01-01 17:27:00,2017,Rain Shower,25
600,February,13,1900-01-01 21:35:00,2018,Rain Shower,25
601,February,21,1900-01-01 13:59:00,2017,Rain Shower,25
602,February,22,1900-01-01 20:43:00,2018,Rain Shower,25
603,January,7,1900-01-01 10:32:00,2018,Rain Shower,25
604,January,9,1900-01-01 13:27:00,2018,Rain Shower,25
605,January,9,1900-01-01 11:57:00,2018,Rain Shower,25
606,January,10,1900-01-01 15:49:00,2018,Rain Shower,25
607,March,17,1900-01-01 02:37:00,2018,Rain Shower,25
608,March,28,1900-01-01 11:15:00,2017,Rain Shower,25
609,May,17,1900-01-01 13:22:00,2018,Rain Shower,25
610,May,25,1900-01-01 13:04:00,2018,Rain Shower,25
611,November,25,1900-01-01 23:10:00,2017,Rain Shower,25
612,October,1,1900-01-01 12:39:00,2018,Rain Shower,25
613,October,2,1900-01-01 17:15:00,2017,Rain Shower,25
614,October,4,1900-01-01 18:37:00,2018,Rain Shower,25
615,October,11,1900-01-01 10:00:00,2018,Rain Shower,25
616,October,12,1900-01-01 09:15:00,2018,Rain Shower,25
617,October,21,1900-01-01 13:44:00,2017,Rain Shower,25
618,October,27,1900-01-01 18:02:00,2018,Rain Shower,25
619,June,2,1900-01-01 17:24:00,2016,Scattered Thunderstorms,25
620,September,7,1900-01-01 16:02:00,2016,Showers,25
621,February,15,1900-01-01 21:04:00,2016,Thunder in the Vicinity,25
622,November,29,1900-01-01 15:45:00,2015,Thunder,25
623,November,6,1900-01-01 14:30:00,2016,Few Showers,26
624,November,24,1900-01-01 17:55:00,2016,Few Showers,26
625,October,3,1900-01-01 13:03:00,2016,Few Showers,26
626,April,2,1900-01-01 18:38:00,2018,Light Rain,26
627,April,6,1900-01-01 21:32:00,2017,Light Rain,26
628,April,7,1900-01-01 16:57:00,2017,Light Rain,26
629,April,17,1900-01-01 15:25:00,2017,Light Rain,26
630,April,27,1900-01-01 09:12:00,2017,Light Rain,26
631,December,22,1900-01-01 13:08:00,2017,Light Rain,26
632,December,25,1900-01-01 13:29:00,2018,Light Rain,26
633,December,31,1900-01-01 12:50:00,2017,Light Rain,26
634,February,7,1900-01-01 20:51:00,2017,Light Rain,26
635,February,10,1900-01-01 12:12:00,2017,Light Rain,26
636,February,11,1900-01-01 16:10:00,2016,Light Rain,26
637,February,11,1900-01-01 12:38:00,2016,Light Rain,26
638,February,18,1900-01-01 13:13:00,2018,Light Rain,26
639,February,29,1900-01-01 09:18:00,2016,Light Rain,26
640,January,1,1900-01-01 20:44:00,2016,Light Rain,26
641,January,2,1900-01-01 22:18:00,2019,Light Rain,26
642,January,4,1900-01-01 12:47:00,2018,Light Rain,26
643,January,4,1900-01-01 02:28:00,2019,Light Rain,26
644,January,6,1900-01-01 16:31:00,2018,Light Rain,26
645,January,20,1900-01-01 11:24:00,2017,Light Rain,26
646,January,21,1900-01-01 22:14:00,2018,Light Rain,26
647,January,28,1900-01-01 18:52:00,2016,Light Rain,26
648,January,29,1900-01-01 20:36:00,2017,Light Rain,26
649,March,4,1900-01-01 03:48:00,2016,Light Rain,26
650,March,11,1900-01-01 09:12:00,2016,Light Rain,26
651,March,26,1900-01-01 20:26:00,2016,Light Rain,26
652,November,12,1900-01-01 14:48:00,2018,Light Rain,26
653,November,19,1900-01-01 14:27:00,2017,Light Rain,26
654,September,29,1900-01-01 14:09:00,2018,Light Rain,26
655,September,29,1900-01-01 11:39:00,2018,Light Rain,26
656,September,30,1900-01-01 13:49:00,2015,Light Rain,26
657,December,28,1900-01-01 13:01:00,2018,Light Rain with Thunder,26
658,March,16,1900-01-01 14:50:00,2016,Light Rain with Thunder,26
659,April,5,1900-01-01 13:44:00,2018,Rain,26
660,April,7,1900-01-01 13:52:00,2017,Rain,26
661,December,20,1900-01-01 15:54:00,2018,Rain,26
662,December,24,1900-01-01 13:26:00,2018,Rain,26
663,December,26,1900-01-01 13:53:00,2017,Rain,26
664,December,30,1900-01-01 15:05:00,2017,Rain,26
665,December,30,1900-01-01 14:21:00,2018,Rain,26
666,December,31,1900-01-01 14:23:00,2018,Rain,26
667,February,5,1900-01-01 13:49:00,2017,Rain,26
668,February,10,1900-01-01 18:15:00,2018,Rain,26
669,February,14,1900-01-01 14:25:00,2018,Rain,26
670,February,27,1900-01-01 16:03:00,2018,Rain,26
671,February,28,1900-01-01 13:08:00,2018,Rain,26
672,January,2,1900-01-01 13:48:00,2019,Rain,26
673,March,2,1900-01-01 17:59:00,2017,Rain,26
674,March,3,1900-01-01 17:02:00,2018,Rain,26
675,March,8,1900-01-01 09:40:00,2018,Rain,26
676,March,15,1900-01-01 16:42:00,2018,Rain,26
677,November,22,1900-01-01 14:07:00,2017,Rain,26
678,April,2,1900-01-01 14:08:00,2018,Rain Shower,26
679,April,4,1900-01-01 13:28:00,2018,Rain Shower,26
680,April,8,1900-01-01 11:23:00,2018,Rain Shower,26
681,December,7,1900-01-01 16:29:00,2017,Rain Shower,26
682,December,9,1900-01-01 10:57:00,2017,Rain Shower,26
683,December,16,1900-01-01 22:49:00,2018,Rain Shower,26
684,December,30,1900-01-01 10:35:00,2017,Rain Shower,26
685,February,15,1900-01-01 15:13:00,2018,Rain Shower,26
686,February,17,1900-01-01 15:03:00,2018,Rain Shower,26
687,February,23,1900-01-01 10:28:00,2018,Rain Shower,26
688,February,25,1900-01-01 14:33:00,2018,Rain Shower,26
689,February,27,1900-01-01 13:21:00,2017,Rain Shower,26
690,January,1,1900-01-01 15:12:00,2018,Rain Shower,26
691,January,1,1900-01-01 20:38:00,2019,Rain Shower,26
692,January,8,1900-01-01 11:12:00,2018,Rain Shower,26
693,January,12,1900-01-01 18:54:00,2018,Rain Shower,26
694,January,21,1900-01-01 14:29:00,2018,Rain Shower,26
695,January,28,1900-01-01 15:04:00,2018,Rain Shower,26
696,March,9,1900-01-01 10:54:00,2018,Rain Shower,26
697,March,10,1900-01-01 18:34:00,2018,Rain Shower,26
698,March,10,1900-01-01 11:39:00,2018,Rain Shower,26
699,March,22,1900-01-01 11:02:00,2018,Rain Shower,26
700,November,11,1900-01-01 09:53:00,2017,Rain Shower,26
701,November,17,1900-01-01 12:57:00,2017,Rain Shower,26
702,November,18,1900-01-01 19:42:00,2017,Rain Shower,26
703,November,23,1900-01-01 19:27:00,2018,Rain Shower,26
704,November,25,1900-01-01 12:53:00,2018,Rain Shower,26
705,November,26,1900-01-01 14:01:00,2017,Rain Shower,26
706,October,4,1900-01-01 07:57:00,2018,Rain Shower,26
707,October,9,1900-01-01 14:31:00,2018,Rain Shower,26
708,October,11,1900-01-01 12:16:00,2018,Rain Shower,26
709,October,12,1900-01-01 10:45:00,2018,Rain Shower,26
710,October,13,1900-01-01 16:15:00,2018,Rain Shower,26
711,October,19,1900-01-01 16:08:00,2018,Rain Shower,26
712,October,27,1900-01-01 15:02:00,2018,Rain Shower,26
713,October,28,1900-01-01 13:14:00,2017,Rain Shower,26
714,September,27,1900-01-01 17:57:00,2018,Rain Shower,26
715,September,28,1900-01-01 13:17:00,2018,Rain Shower,26
716,September,28,1900-01-01 11:37:00,2018,Rain Shower,26
717,December,17,1900-01-01 10:20:00,2016,Showers,26
718,November,6,1900-01-01 12:01:00,2016,Showers,26
719,November,24,1900-01-01 12:51:00,2016,Showers,26
720,November,29,1900-01-01 02:52:00,2016,Showers,26
721,September,2,1900-01-01 14:04:00,2016,Showers,26
722,December,17,1900-01-01 18:41:00,2015,Thunder,26
723,December,19,1900-01-01 21:48:00,2015,Thunder in the Vicinity,26
724,January,12,1900-01-01 19:15:00,2016,Thunderstorm,26
725,October,13,1900-01-01 21:13:00,2016,Few Showers,27
726,October,13,1900-01-01 21:45:00,2016,Few Showers,27
727,October,21,1900-01-01 16:24:00,2016,Few Showers,27
728,September,29,1900-01-01 12:29:00,2016,Few Showers,27
729,December,14,1900-01-01 09:09:00,2016,Isolated Thunderstorms,27
730,April,6,1900-01-01 12:27:00,2018,Light Rain,27
731,April,10,1900-01-01 14:10:00,2017,Light Rain,27
732,April,12,1900-01-01 12:00:00,2017,Light Rain,27
733,December,26,1900-01-01 16:53:00,2017,Light Rain,27
734,December,27,1900-01-01 18:23:00,2017,Light Rain,27
735,December,27,1900-01-01 10:53:00,2017,Light Rain,27
736,February,7,1900-01-01 18:36:00,2017,Light Rain,27
737,February,8,1900-01-01 10:56:00,2017,Light Rain,27
738,February,21,1900-01-01 18:43:00,2018,Light Rain,27
739,February,27,1900-01-01 11:33:00,2018,Light Rain,27
740,February,28,1900-01-01 16:58:00,2018,Light Rain,27
741,January,3,1900-01-01 20:58:00,2019,Light Rain,27
742,January,7,1900-01-01 15:47:00,2018,Light Rain,27
743,January,11,1900-01-01 19:21:00,2016,Light Rain,27
744,January,13,1900-01-01 17:18:00,2016,Light Rain,27
745,March,5,1900-01-01 15:35:00,2017,Light Rain,27
746,March,11,1900-01-01 00:47:00,2016,Light Rain,27
747,March,11,1900-01-01 14:53:00,2017,Light Rain,27
748,March,13,1900-01-01 16:10:00,2018,Light Rain,27
749,March,29,1900-01-01 19:27:00,2016,Light Rain,27
750,November,20,1900-01-01 05:20:00,2015,Light Rain,27
751,October,17,1900-01-01 17:38:00,2018,Light Rain,27
752,February,16,1900-01-01 18:23:00,2016,Light Rain Shower,27
753,April,3,1900-01-01 17:08:00,2018,Light Rain with Thunder,27
754,February,19,1900-01-01 14:56:00,2018,Light Rain with Thunder,27
755,February,21,1900-01-01 14:08:00,2018,Light Rain with Thunder,27
756,January,22,1900-01-01 16:46:00,2018,Light Rain with Thunder,27
757,January,25,1900-01-01 16:54:00,2017,Light Rain with Thunder,27
758,January,28,1900-01-01 16:30:00,2016,Light Rain with Thunder,27
759,March,6,1900-01-01 20:11:00,2016,Light Rain with Thunder,27
760,March,23,1900-01-01 18:56:00,2016,Light Rain with Thunder,27
761,November,15,1900-01-01 14:28:00,2018,Light Rain with Thunder,27
762,March,2,1900-01-01 13:08:00,2018,Rain,27
763,March,2,1900-01-01 16:17:00,2018,Rain,27
764,October,25,1900-01-01 10:42:00,2016,Rain,27
765,April,6,1900-01-01 15:42:00,2017,Rain Shower,27
766,April,26,1900-01-01 14:03:00,2018,Rain Shower,27
767,December,15,1900-01-01 16:12:00,2018,Rain Shower,27
768,December,16,1900-01-01 16:09:00,2018,Rain Shower,27
769,December,21,1900-01-01 15:39:00,2018,Rain Shower,27
770,December,23,1900-01-01 14:11:00,2018,Rain Shower,27
771,December,25,1900-01-01 11:54:00,2018,Rain Shower,27
772,December,28,1900-01-01 09:23:00,2017,Rain Shower,27
773,February,3,1900-01-01 15:21:00,2017,Rain Shower,27
774,February,11,1900-01-01 16:15:00,2018,Rain Shower,27
775,February,20,1900-01-01 18:36:00,2018,Rain Shower,27
776,February,23,1900-01-01 16:34:00,2017,Rain Shower,27
777,February,24,1900-01-01 13:33:00,2018,Rain Shower,27
778,February,25,1900-01-01 14:22:00,2017,Rain Shower,27
779,February,25,1900-01-01 17:22:00,2017,Rain Shower,27
780,February,26,1900-01-01 10:32:00,2017,Rain Shower,27
781,January,1,1900-01-01 13:43:00,2019,Rain Shower,27
782,January,2,1900-01-01 15:57:00,2018,Rain Shower,27
783,January,5,1900-01-01 17:26:00,2018,Rain Shower,27
784,January,5,1900-01-01 14:28:00,2019,Rain Shower,27
785,January,11,1900-01-01 17:34:00,2018,Rain Shower,27
786,January,14,1900-01-01 16:21:00,2018,Rain Shower,27
787,January,19,1900-01-01 21:39:00,2018,Rain Shower,27
788,January,20,1900-01-01 13:44:00,2018,Rain Shower,27
789,January,24,1900-01-01 18:53:00,2017,Rain Shower,27
790,January,29,1900-01-01 16:39:00,2018,Rain Shower,27
791,March,2,1900-01-01 14:54:00,2017,Rain Shower,27
792,March,13,1900-01-01 15:43:00,2017,Rain Shower,27
793,March,21,1900-01-01 14:51:00,2018,Rain Shower,27
794,May,3,1900-01-01 12:07:00,2018,Rain Shower,27
795,November,5,1900-01-01 11:45:00,2017,Rain Shower,27
796,November,24,1900-01-01 15:10:00,2017,Rain Shower,27
797,November,25,1900-01-01 15:10:00,2017,Rain Shower,27
798,October,1,1900-01-01 14:54:00,2018,Rain Shower,27
799,October,12,1900-01-01 11:58:00,2016,Scattered Thunderstorms,27
800,September,6,1900-01-01 12:33:00,2016,Showers,27
801,December,18,1900-01-01 20:17:00,2015,Thunder,27
802,February,22,1900-01-01 19:20:00,2016,Thunder,27
803,December,21,1900-01-01 19:00:00,2015,Thunder in the Vicinity,27
804,March,30,1900-01-01 19:54:00,2016,Thunder in the Vicinity,27
805,March,17,1900-01-01 17:38:00,2016,Thunder,27
806,November,18,1900-01-01 18:07:00,2015,Thunder,27
807,November,3,1900-01-01 01:20:00,2016,Few Showers,28
808,October,23,1900-01-01 15:39:00,2016,Few Showers,28
809,December,12,1900-01-01 08:47:00,2016,Isolated Thunderstorms,28
810,February,13,1900-01-01 13:05:00,2018,Light Rain,28
811,March,6,1900-01-01 15:40:00,2017,Light Rain,28
812,March,11,1900-01-01 12:15:00,2016,Light Rain,28
813,March,4,1900-01-01 20:44:00,2016,Light Rain with Thunder,28
814,October,22,1900-01-01 11:27:00,2015,Light Rain with Thunder,28
815,April,5,1900-01-01 10:37:00,2018,Rain Shower,28
816,April,8,1900-01-01 12:22:00,2017,Rain Shower,28
817,April,9,1900-01-01 13:52:00,2017,Rain Shower,28
818,December,4,1900-01-01 12:45:00,2017,Rain Shower,28
819,December,5,1900-01-01 14:59:00,2017,Rain Shower,28
820,December,5,1900-01-01 11:59:00,2017,Rain Shower,28
821,December,5,1900-01-01 13:35:00,2018,Rain Shower,28
822,December,16,1900-01-01 18:11:00,2017,Rain Shower,28
823,December,19,1900-01-01 12:04:00,2017,Rain Shower,28
824,December,21,1900-01-01 13:08:00,2017,Rain Shower,28
825,December,21,1900-01-01 15:54:00,2018,Rain Shower,28
826,December,29,1900-01-01 11:25:00,2017,Rain Shower,28
827,December,29,1900-01-01 14:21:00,2018,Rain Shower,28
828,December,30,1900-01-01 13:40:00,2017,Rain Shower,28
829,February,12,1900-01-01 16:25:00,2018,Rain Shower,28
830,February,15,1900-01-01 17:28:00,2018,Rain Shower,28
831,January,4,1900-01-01 14:29:00,2019,Rain Shower,28
832,January,15,1900-01-01 14:51:00,2018,Rain Shower,28
833,January,24,1900-01-01 15:40:00,2018,Rain Shower,28
834,January,25,1900-01-01 14:05:00,2018,Rain Shower,28
835,January,26,1900-01-01 15:44:00,2017,Rain Shower,28
836,March,1,1900-01-01 12:23:00,2018,Rain Shower,28
837,March,4,1900-01-01 11:37:00,2018,Rain Shower,28
838,March,6,1900-01-01 12:35:00,2017,Rain Shower,28
839,March,7,1900-01-01 15:45:00,2017,Rain Shower,28
840,March,7,1900-01-01 09:40:00,2018,Rain Shower,28
841,March,8,1900-01-01 11:34:00,2017,Rain Shower,28
842,March,9,1900-01-01 16:59:00,2017,Rain Shower,28
843,March,13,1900-01-01 13:20:00,2018,Rain Shower,28
844,March,18,1900-01-01 12:56:00,2018,Rain Shower,28
845,March,21,1900-01-01 12:36:00,2018,Rain Shower,28
846,October,27,1900-01-01 12:47:00,2018,Rain Shower,28
847,November,8,1900-01-01 10:36:00,2016,Scattered Thunderstorms,28
848,September,7,1900-01-01 11:18:00,2016,Scattered Thunderstorms,28
849,September,17,1900-01-01 13:23:00,2016,Scattered Thunderstorms,28
850,August,21,1900-01-01 13:37:00,2016,Showers,28
851,October,26,1900-01-01 10:42:00,2016,Showers,28
852,December,12,1900-01-01 19:09:00,2015,Thunder,28
853,December,14,1900-01-01 22:14:00,2015,Thunder,28
854,December,15,1900-01-01 21:50:00,2015,Thunder,28
855,February,25,1900-01-01 16:28:00,2016,Thunder,28
856,December,13,1900-01-01 21:25:00,2015,Thunder in the Vicinity,28
857,November,7,1900-01-01 10:30:00,2016,Few Showers,29
858,March,5,1900-01-01 11:37:00,2018,Light Rain,29
859,April,27,1900-01-01 12:33:00,2018,Rain Shower,29
860,August,20,1900-01-01 14:26:00,2017,Rain Shower,29
861,December,19,1900-01-01 14:19:00,2017,Rain Shower,29
862,December,21,1900-01-01 20:29:00,2018,Rain Shower,29
863,February,10,1900-01-01 15:12:00,2017,Rain Shower,29
864,February,20,1900-01-01 13:21:00,2018,Rain Shower,29
865,January,12,1900-01-01 13:29:00,2018,Rain Shower,29
866,January,23,1900-01-01 15:35:00,2018,Rain Shower,29
867,March,4,1900-01-01 14:54:00,2017,Rain Shower,29
868,March,18,1900-01-01 16:46:00,2018,Rain Shower,29
869,March,20,1900-01-01 13:32:00,2018,Rain Shower,29
870,November,1,1900-01-01 14:14:00,2018,Rain Shower,29
871,December,18,1900-01-01 11:50:00,2016,Scattered Thunderstorms,29
872,November,26,1900-01-01 16:22:00,2016,Scattered Thunderstorms,29
873,November,29,1900-01-01 11:06:00,2016,Scattered Thunderstorms,29
874,April,27,1900-01-01 10:45:00,2016,Showers,29
875,August,31,1900-01-01 13:38:00,2016,Showers,29
876,November,22,1900-01-01 12:50:00,2016,Showers,29
877,February,17,1900-01-01 18:38:00,2016,Thunder,29
878,February,26,1900-01-01 18:02:00,2016,Thunder,29
879,April,1,1900-01-01 16:10:00,2016,Thunder in the Vicinity,29
880,March,31,1900-01-01 17:27:00,2016,Thunder,29
881,January,11,1900-01-01 14:47:00,2016,Light Rain,30
882,December,14,1900-01-01 16:12:00,2018,Rain Shower,30
883,December,27,1900-01-01 13:53:00,2017,Rain Shower,30
884,January,19,1900-01-01 11:54:00,2017,Scattered Thunderstorms,30
885,November,16,1900-01-01 11:50:00,2016,Scattered Thunderstorms,30
886,February,19,1900-01-01 19:03:00,2016,Thunder,30
887,February,20,1900-01-01 16:53:00,2016,Thunder,30
888,December,9,1900-01-01 10:36:00,2016,Isolated Thunderstorms,31
889,January,14,1900-01-01 14:13:00,2017,Isolated Thunderstorms,31
890,January,14,1900-01-01 12:38:00,2017,Isolated Thunderstorms,31
891,November,9,1900-01-01 12:06:00,2016,Isolated Thunderstorms,31
892,January,23,1900-01-01 18:10:00,2018,Light Rain with Thunder,31
893,December,1,1900-01-01 13:51:00,2018,Rain Shower,31
894,December,15,1900-01-01 14:01:00,2017,Rain Shower,31
895,December,20,1900-01-01 18:28:00,2017,Rain Shower,31
896,February,7,1900-01-01 13:21:00,2017,Rain Shower,31
897,February,20,1900-01-01 13:59:00,2017,Rain Shower,31
898,January,23,1900-01-01 15:48:00,2017,Rain Shower,31
899,March,3,1900-01-01 11:02:00,2018,Rain Shower,31
900,March,18,1900-01-01 14:31:00,2018,Rain Shower,31
901,January,8,1900-01-01 11:16:00,2017,Scattered Thunderstorms,31
902,November,15,1900-01-01 14:05:00,2016,Scattered Thunderstorms,31
903,November,17,1900-01-01 12:16:00,2016,Scattered Thunderstorms,31
904,October,15,1900-01-01 10:06:00,2016,Scattered Thunderstorms,31
905,September,12,1900-01-01 16:16:00,2016,Scattered Thunderstorms,31
906,December,3,1900-01-01 12:24:00,2016,Isolated Thunderstorms,32
907,December,25,1900-01-01 12:11:00,2016,Isolated Thunderstorms,32
908,January,7,1900-01-01 11:06:00,2017,Isolated Thunderstorms,32
909,September,12,1900-01-01 13:18:00,2016,Isolated Thunderstorms,32
910,September,12,1900-01-01 14:12:00,2016,Isolated Thunderstorms,32
911,February,6,1900-01-01 12:36:00,2017,Rain Shower,32
912,February,22,1900-01-01 12:03:00,2018,Rain Shower,32
913,February,24,1900-01-01 13:37:00,2017,Rain Shower,32
914,January,19,1900-01-01 15:39:00,2018,Rain Shower,32
915,March,15,1900-01-01 13:38:00,2017,Rain Shower,32
916,March,26,1900-01-01 15:23:00,2018,Rain Shower,32
917,December,12,1900-01-01 10:22:00,2016,Scattered Thunderstorms,32
918,December,13,1900-01-01 11:02:00,2016,Scattered Thunderstorms,32
919,January,3,1900-01-01 11:43:00,2017,Scattered Thunderstorms,32
920,January,15,1900-01-01 11:53:00,2017,Scattered Thunderstorms,32
921,January,16,1900-01-01 10:28:00,2017,Scattered Thunderstorms,32
922,November,3,1900-01-01 11:46:00,2016,Scattered Thunderstorms,32
923,October,14,1900-01-01 10:15:00,2016,Scattered Thunderstorms,32
924,October,24,1900-01-01 13:43:00,2016,Showers,32
925,November,19,1900-01-01 16:00:00,2015,Thunder,32
926,November,3,1900-01-01 08:35:00,2016,Few Showers,33
927,December,11,1900-01-01 10:27:00,2016,Isolated Thunderstorms,33
928,December,19,1900-01-01 13:20:00,2016,Isolated Thunderstorms,33
929,November,11,1900-01-01 15:04:00,2016,Isolated Thunderstorms,33
930,November,27,1900-01-01 15:57:00,2016,Isolated Thunderstorms,33
931,December,8,1900-01-01 11:11:00,2016,Scattered Thunderstorms,33
932,December,10,1900-01-01 12:07:00,2016,Scattered Thunderstorms,33
933,December,21,1900-01-01 13:01:00,2016,Scattered Thunderstorms,33
934,January,11,1900-01-01 11:18:00,2017,Scattered Thunderstorms,33
935,November,10,1900-01-01 12:11:00,2016,Scattered Thunderstorms,33
936,October,20,1900-01-01 12:35:00,2016,Scattered Thunderstorms,33
937,January,18,1900-01-01 17:33:00,2017,Showers,33
938,February,27,1900-01-01 16:32:00,2016,Thunder,33
939,February,28,1900-01-01 16:46:00,2016,Thunder,33
940,January,2,1900-01-01 12:28:00,2017,Isolated Thunderstorms,34
941,January,9,1900-01-01 11:51:00,2017,Isolated Thunderstorms,34
942,October,16,1900-01-01 11:26:00,2016,Isolated Thunderstorms,34
943,October,18,1900-01-01 13:20:00,2016,Isolated Thunderstorms,34
944,December,17,1900-01-01 15:04:00,2017,Rain Shower,34
945,January,22,1900-01-01 15:15:00,2018,Rain Shower,34
946,March,3,1900-01-01 14:04:00,2017,Rain Shower,34
947,November,18,1900-01-01 15:27:00,2017,Rain Shower,34
948,December,24,1900-01-01 12:56:00,2016,Scattered Thunderstorms,34
949,December,29,1900-01-01 15:38:00,2016,Scattered Thunderstorms,34
950,January,4,1900-01-01 12:44:00,2017,Scattered Thunderstorms,34
951,January,6,1900-01-01 12:54:00,2017,Scattered Thunderstorms,34
952,January,10,1900-01-01 11:13:00,2017,Scattered Thunderstorms,34
953,December,20,1900-01-01 14:36:00,2016,Isolated Thunderstorms,35
954,January,3,1900-01-01 14:33:00,2019,Rain Shower,35
955,December,22,1900-01-01 14:37:00,2016,Scattered Thunderstorms,35
956,December,23,1900-01-01 12:56:00,2016,Scattered Thunderstorms,35
957,December,24,1900-01-01 13:56:00,2017,Rain Shower,36
958,October,3,1900-01-01 14:52:00,2018,Rain Shower,36
959,December,31,1900-01-01 12:36:00,2016,Scattered Thunderstorms,36
960,November,2,1900-01-01 14:50:00,2016,Scattered Thunderstorms,36
961,November,28,1900-01-01 14:37:00,2016,Scattered Thunderstorms,36
962,October,17,1900-01-01 15:22:00,2016,Scattered Thunderstorms,36
963,December,30,1900-01-01 12:37:00,2016,Isolated Thunderstorms,37
964,October,27,1900-01-01 15:31:00,2016,Isolated Thunderstorms,37
965,December,24,1900-01-01 15:26:00,2017,Rain Shower,37
966,December,26,1900-01-01 14:34:00,2016,Scattered Thunderstorms,37
967,January,1,1900-01-01 12:23:00,2017,Scattered Thunderstorms,37
968,January,5,1900-01-01 12:44:00,2017,Scattered Thunderstorms,37
969,December,27,1900-01-01 14:49:00,2016,Scattered Thunderstorms,39
