,yyyy,mm,tmax_C,tmin_C,af,rain_mm,sun_hours
0,1853,Jan,8.4,2.7,4.0,62.8,
1,1853,Feb,3.2,-1.8,19.0,29.3,
2,1853,Mar,7.7,-0.6,20.0,25.9,
3,1853,Apr,12.6,4.5,0.0,60.1,
4,1853,May,16.8,6.1,0.0,59.5,
5,1853,Jun,20.1,10.7,0.0,82.0,
6,1853,Jul,21.2,12.2,0.0,86.2,
7,1853,Aug,20.2,10.8,0.0,72.3,
8,1853,Sep,17.3,8.4,0.0,51.3,
9,1853,Oct,13.9,7.4,0.0,102.3,
10,1853,Nov,8.7,2.3,10.0,49.6,
11,1853,Dec,3.7,-1.3,19.0,10.7,
12,1854,Jan,6.7,1.5,11.0,54.5,
13,1854,Feb,8.0,0.6,12.0,22.6,
14,1854,Mar,11.2,2.2,8.0,10.6,
15,1854,Apr,15.0,3.5,2.0,19.9,
16,1854,May,16.2,5.7,1.0,82.1,
17,1854,Jun,18.6,9.7,0.0,45.2,
18,1854,Jul,21.7,11.6,0.0,37.2,
19,1854,Aug,20.9,10.7,0.0,45.4,
20,1854,Sep,20.2,8.4,0.0,11.4,
21,1854,Oct,13.9,5.6,2.0,57.7,
22,1854,Nov,8.2,2.0,5.0,32.4,
23,1854,Dec,8.3,2.1,8.0,30.7,
24,1855,Jan,4.4,-0.4,18.0,6.9,
25,1855,Feb,1.7,-4.5,20.0,33.7,
26,1855,Mar,7.7,0.1,15.0,56.0,
27,1855,Apr,13.0,2.7,9.0,10.6,
28,1855,May,15.0,4.9,3.0,45.1,
29,1855,Jun,19.4,9.3,0.0,60.0,
30,1855,Jul,22.8,13.4,0.0,129.3,
31,1855,Aug,21.7,12.2,0.0,42.6,
32,1855,Sep,19.0,10.4,0.0,59.7,
33,1855,Oct,14.0,8.2,0.0,143.1,
34,1855,Nov,7.9,3.4,4.0,25.2,
35,1855,Dec,5.7,-0.1,13.0,28.1,
36,1856,Jan,6.8,2.0,10.0,74.7,
37,1856,Feb,8.2,3.0,8.0,33.4,
38,1856,Mar,7.9,0.6,11.0,23.9,
39,1856,Apr,12.9,4.1,2.0,64.9,
40,1856,May,14.0,5.7,2.0,110.1,
41,1856,Jun,20.2,9.5,0.0,64.8,
42,1856,Jul,22.2,11.3,0.0,15.8,
43,1856,Aug,22.7,12.5,0.0,81.8,
44,1856,Sep,16.8,8.5,0.0,80.3,
45,1856,Oct,13.9,6.9,1.0,60.3,
46,1856,Nov,8.1,2.3,8.0,24.2,
47,1856,Dec,7.3,1.4,12.0,52.0,
48,1857,Jan,5.1,-0.6,17.0,80.7,
49,1857,Feb,7.6,0.4,11.0,8.2,
50,1857,Mar,9.1,1.8,10.0,39.2,
51,1857,Apr,11.9,3.7,3.0,51.3,
52,1857,May,16.5,6.3,4.0,30.3,
53,1857,Jun,22.0,10.6,0.0,77.0,
54,1857,Jul,22.0,12.7,0.0,80.5,
55,1857,Aug,22.8,13.2,0.0,93.5,
56,1857,Sep,19.0,11.2,0.0,99.0,
57,1857,Oct,14.6,7.8,0.0,116.3,
58,1857,Nov,10.2,4.5,2.0,42.6,
59,1857,Dec,9.6,4.5,3.0,16.8,
60,1858,Jan,6.4,-0.1,20.0,17.3,
61,1858,Feb,4.7,-1.2,18.0,45.0,
62,1858,Mar,9.4,1.1,12.0,20.4,
63,1858,Apr,13.1,4.0,2.0,90.1,
64,1858,May,15.9,6.2,0.0,59.5,
65,1858,Jun,23.6,11.9,0.0,40.4,
66,1858,Jul,20.8,10.6,0.0,58.3,
67,1858,Aug,21.4,11.3,0.0,36.4,
68,1858,Sep,19.5,11.2,0.0,63.4,
69,1858,Oct,13.4,6.9,0.0,50.4,
70,1858,Nov,7.4,0.8,12.0,17.9,
71,1858,Dec,7.2,2.4,2.0,54.5,
72,1859,Jan,7.5,1.8,9.0,20.8,
73,1859,Feb,9.4,2.7,5.0,43.1,
74,1859,Mar,11.2,4.7,4.0,38.2,
75,1859,Apr,12.3,3.5,8.0,63.9,
76,1859,May,16.6,6.7,0.0,47.3,
77,1859,Jun,20.7,11.1,0.0,57.4,
78,1859,Jul,25.1,13.7,0.0,71.2,
79,1859,Aug,21.8,12.5,0.0,97.2,
80,1859,Sep,17.4,9.4,0.0,89.8,
81,1859,Oct,13.7,6.6,6.0,76.3,
82,1859,Nov,8.5,1.5,8.0,52.8,
83,1859,Dec,5.0,-1.1,14.0,46.6,
84,1860,Jan,6.8,0.8,12.0,82.8,
85,1860,Feb,5.2,-1.6,20.0,32.6,
86,1860,Mar,8.4,1.9,8.0,48.4,
87,1860,Apr,10.6,1.7,5.0,14.8,
88,1860,May,17.0,7.7,0.0,70.9,
89,1860,Jun,17.0,9.5,0.0,129.8,
90,1860,Jul,19.3,10.3,0.0,60.8,
91,1860,Aug,17.9,10.9,0.0,96.7,
92,1860,Sep,15.6,7.0,0.0,64.0,
93,1860,Oct,13.4,7.3,1.0,39.9,
94,1860,Nov,7.4,2.1,2.0,82.1,
95,1860,Dec,4.4,,,66.6,
96,1861,Jan,3.8,-0.7,16.0,16.8,
97,1861,Feb,7.9,3.1,4.0,48.0,
98,1861,Mar,10.1,3.4,1.0,43.1,
99,1861,Apr,11.8,3.0,5.0,17.7,
100,1861,May,16.1,6.5,1.0,34.9,
101,1861,Jun,20.0,11.2,0.0,79.9,
102,1861,Jul,19.7,12.0,0.0,130.8,
103,1861,Aug,21.6,12.7,0.0,15.1,
104,1861,Sep,17.9,9.9,0.0,49.6,
105,1861,Oct,16.2,9.5,0.0,40.8,
106,1861,Nov,8.4,1.6,10.0,78.4,
107,1861,Dec,7.0,1.5,12.0,41.9,
108,1862,Jan,6.6,2.2,8.0,62.2,
109,1862,Feb,7.3,3.4,4.0,7.3,
110,1862,Mar,9.4,3.9,4.0,138.9,
111,1862,Apr,12.9,6.2,4.0,57.6,
112,1862,May,17.6,9.2,0.0,95.5,
113,1862,Jun,18.1,9.6,0.0,56.8,
114,1862,Jul,19.9,10.6,0.0,44.8,
115,1862,Aug,20.0,10.5,0.0,44.7,
116,1862,Sep,18.2,9.9,0.0,55.1,
117,1862,Oct,14.5,7.6,1.0,73.1,
118,1862,Nov,6.7,0.4,14.0,25.3,
119,1862,Dec,9.2,3.8,0.0,36.0,
120,1863,Jan,7.7,2.5,2.0,82.1,
121,1863,Feb,9.1,2.7,7.0,17.1,
122,1863,Mar,10.8,1.9,9.0,17.3,
123,1863,Apr,14.2,4.7,2.0,35.5,
124,1863,May,16.4,6.0,0.0,23.2,
125,1863,Jun,19.3,9.6,0.0,86.6,
126,1863,Jul,21.8,9.5,0.0,17.0,
127,1863,Aug,21.2,11.9,0.0,67.1,
128,1863,Sep,15.8,7.6,0.0,70.3,
129,1863,Oct,14.1,7.0,2.0,75.5,
130,1863,Nov,10.3,4.6,6.0,51.1,
131,1863,Dec,9.1,3.3,6.0,27.7,
132,1864,Jan,4.8,-0.2,13.0,25.0,
133,1864,Feb,5.5,0.0,16.0,36.9,
134,1864,Mar,9.6,1.4,8.0,62.7,
135,1864,Apr,14.2,4.3,0.0,41.4,
136,1864,May,18.2,7.9,0.0,54.8,
137,1864,Jun,19.8,9.8,0.0,25.6,
138,1864,Jul,22.8,10.3,0.0,12.0,
139,1864,Aug,21.0,8.8,0.0,19.8,
140,1864,Sep,18.3,9.4,0.0,74.9,
141,1864,Oct,13.6,6.8,0.0,39.8,
142,1864,Nov,8.9,2.0,8.0,59.4,
143,1864,Dec,5.6,1.3,13.0,9.5,
144,1865,Jan,4.7,-0.9,14.0,78.1,
145,1865,Feb,5.0,0.2,13.0,52.9,
146,1865,Mar,6.0,-0.2,13.0,24.9,
147,1865,Apr,17.2,5.4,3.0,23.3,
148,1865,May,18.4,8.1,0.0,55.8,
149,1865,Jun,21.9,10.8,0.0,89.1,
150,1865,Jul,22.3,12.5,0.0,71.1,
151,1865,Aug,20.0,10.8,0.0,79.0,
152,1865,Sep,22.3,10.9,0.0,4.7,
153,1865,Oct,14.6,6.1,0.0,137.7,
154,1865,Nov,10.3,4.0,6.0,65.7,
155,1865,Dec,8.4,3.4,4.0,49.8,
156,1866,Jan,8.6,3.4,5.0,73.1,
157,1866,Feb,7.9,1.3,11.0,73.2,
158,1866,Mar,8.4,1.8,9.0,42.7,
159,1866,Apr,13.6,4.7,3.0,52.2,
160,1866,May,15.7,4.8,2.0,42.6,
161,1866,Jun,21.9,11.1,0.0,81.7,
162,1866,Jul,21.7,11.2,0.0,50.4,
163,1866,Aug,19.8,11.3,0.0,75.1,
164,1866,Sep,17.0,10.3,0.0,145.4,
165,1866,Oct,14.2,8.0,0.0,53.4,
166,1866,Nov,10.7,3.7,7.0,38.8,
167,1866,Dec,9.2,3.3,7.0,51.6,
168,1867,Jan,4.6,-1.1,18.0,65.8,
169,1867,Feb,10.1,4.4,1.0,39.3,
170,1867,Mar,6.0,0.5,16.0,73.4,
171,1867,Apr,14.0,6.6,0.0,66.1,
172,1867,May,16.8,6.8,3.0,63.9,
173,1867,Jun,20.0,9.6,0.0,49.1,
174,1867,Jul,20.3,10.5,0.0,99.7,
175,1867,Aug,21.5,11.8,0.0,60.8,
176,1867,Sep,18.4,9.6,0.0,41.6,
177,1867,Oct,13.5,6.3,1.0,72.5,
178,1867,Nov,8.4,1.6,10.0,24.4,
179,1867,Dec,6.2,0.1,18.0,35.7,
180,1868,Jan,5.9,1.7,11.0,87.2,
181,1868,Feb,9.8,3.3,5.0,42.3,
182,1868,Mar,11.1,2.9,6.0,38.7,
183,1868,Apr,14.1,4.6,5.0,39.7,
184,1868,May,20.4,7.8,0.0,14.9,
185,1868,Jun,23.6,9.4,0.0,23.6,
186,1868,Jul,25.8,12.7,0.0,47.5,
187,1868,Aug,22.1,12.5,0.0,85.8,
188,1868,Sep,19.7,9.4,0.0,101.3,
189,1868,Oct,12.7,5.0,3.0,57.0,
190,1868,Nov,7.9,2.6,7.0,30.7,
191,1868,Dec,10.4,5.2,2.0,105.3,
192,1869,Jan,8.2,3.0,5.0,96.3,
193,1869,Feb,10.5,5.1,1.0,55.2,
194,1869,Mar,7.1,1.1,10.0,33.1,
195,1869,Apr,16.0,6.0,0.0,29.8,
196,1869,May,15.5,6.5,0.0,75.9,
197,1869,Jun,18.9,8.8,0.0,36.2,
198,1869,Jul,24.1,12.4,0.0,27.0,
199,1869,Aug,21.5,10.7,0.0,33.6,
200,1869,Sep,19.0,11.3,0.0,112.1,
201,1869,Oct,13.9,6.1,4.0,28.1,
202,1869,Nov,10.0,3.2,8.0,61.3,
203,1869,Dec,5.6,1.0,9.0,87.5,
204,1870,Jan,5.9,1.3,10.0,30.2,
205,1870,Feb,5.1,0.8,13.0,48.7,
206,1870,Mar,8.3,1.5,13.0,42.6,
207,1870,Apr,15.6,3.7,4.0,13.5,
208,1870,May,18.0,6.3,2.0,26.3,
209,1870,Jun,22.3,11.2,0.0,17.3,
210,1870,Jul,24.9,13.0,0.0,22.6,
211,1870,Aug,21.4,10.6,0.0,59.8,
212,1870,Sep,18.3,8.2,0.0,33.8,
213,1870,Oct,14.1,6.7,0.0,74.6,
214,1870,Nov,8.3,2.1,10.0,29.6,
215,1870,Dec,3.2,-2.3,19.0,50.9,
216,1871,Jan,2.7,-1.2,20.0,28.2,
217,1871,Feb,9.0,3.8,4.0,25.1,
218,1871,Mar,11.9,3.2,4.0,24.3,
219,1871,Apr,13.8,5.3,4.0,67.1,
220,1871,May,17.0,5.8,0.0,11.0,
221,1871,Jun,17.5,9.0,0.0,81.3,
222,1871,Jul,21.1,11.9,0.0,96.3,
223,1871,Aug,23.8,12.0,0.0,13.0,
224,1871,Sep,17.9,9.6,0.0,118.8,
225,1871,Oct,14.1,6.0,2.0,30.4,
226,1871,Nov,6.4,0.2,14.0,18.4,
227,1871,Dec,6.0,0.9,12.0,27.4,
228,1872,Jan,7.9,2.6,5.0,103.7,
229,1872,Feb,10.1,4.7,0.0,38.6,
230,1872,Mar,11.2,3.6,8.0,49.1,
231,1872,Apr,13.9,4.5,2.0,48.0,
232,1872,May,15.2,5.9,1.0,65.2,
233,1872,Jun,20.4,10.2,0.0,74.1,
234,1872,Jul,23.7,12.9,0.0,75.9,
235,1872,Aug,21.0,11.3,0.0,30.1,
236,1872,Sep,18.3,10.0,0.0,25.5,
237,1872,Oct,12.6,5.2,1.0,74.4,
238,1872,Nov,10.1,4.6,1.0,80.8,
239,1872,Dec,7.9,3.5,6.0,96.9,
240,1873,Jan,7.8,3.2,9.0,56.3,
241,1873,Feb,4.2,-0.1,13.0,40.9,
242,1873,Mar,9.7,2.2,3.0,60.1,
243,1873,Apr,12.8,3.9,3.0,12.2,
244,1873,May,16.1,5.4,1.0,59.3,
245,1873,Jun,20.0,10.3,0.0,70.7,
246,1873,Jul,22.6,11.8,0.0,57.3,
247,1873,Aug,21.6,12.6,0.0,66.8,
248,1873,Sep,16.9,7.8,0.0,45.9,
249,1873,Oct,12.9,4.7,6.0,68.6,
250,1873,Nov,9.6,3.8,4.0,43.7,
251,1873,Dec,7.3,2.1,10.0,12.3,
252,1874,Jan,8.6,3.0,6.0,58.8,
253,1874,Feb,7.1,1.0,12.0,43.2,
254,1874,Mar,11.0,3.1,8.0,15.8,
255,1874,Apr,15.7,5.4,1.0,32.5,
256,1874,May,15.7,6.0,1.0,39.7,
257,1874,Jun,20.4,9.0,0.0,17.6,
258,1874,Jul,25.3,11.8,0.0,12.8,
259,1874,Aug,21.2,11.2,0.0,45.9,
260,1874,Sep,18.6,10.4,0.0,85.7,
261,1874,Oct,14.7,7.8,0.0,80.0,
262,1874,Nov,8.7,2.5,9.0,64.6,
263,1874,Dec,3.5,-2.3,22.0,46.8,
264,1875,Jan,9.3,4.9,2.0,90.4,
265,1875,Feb,4.5,-0.4,20.0,37.3,
266,1875,Mar,8.6,2.4,9.0,28.5,
267,1875,Apr,13.4,3.5,3.0,37.6,
268,1875,May,18.3,7.8,0.0,45.1,
269,1875,Jun,20.6,10.5,0.0,75.8,
270,1875,Jul,19.9,11.1,0.0,119.2,
271,1875,Aug,21.9,12.8,0.0,45.9,
272,1875,Sep,20.1,11.4,0.0,51.9,
273,1875,Oct,12.6,6.4,0.0,192.9,
274,1875,Nov,8.4,3.6,5.0,97.2,
275,1875,Dec,6.2,2.4,9.0,22.5,
276,1876,Jan,5.5,0.6,14.0,43.9,
277,1876,Feb,8.1,3.0,5.0,72.8,
278,1876,Mar,8.6,1.9,8.0,87.4,
279,1876,Apr,13.0,4.8,2.0,73.3,
280,1876,May,15.4,4.7,1.0,20.4,
281,1876,Jun,20.8,10.0,0.0,52.8,
282,1876,Jul,24.5,13.1,0.0,21.8,
283,1876,Aug,23.8,11.9,0.0,68.3,
284,1876,Sep,17.4,9.8,0.0,148.6,
285,1876,Oct,14.8,8.8,0.0,25.9,
286,1876,Nov,9.7,4.1,5.0,83.2,
287,1876,Dec,8.8,4.9,4.0,130.2,
288,1877,Jan,9.3,3.2,3.0,118.5,
289,1877,Feb,9.4,4.0,3.0,39.9,
290,1877,Mar,9.0,2.2,9.0,50.5,
291,1877,Apr,12.1,4.3,0.0,55.0,
292,1877,May,14.5,5.5,4.0,58.4,
293,1877,Jun,22.2,10.5,0.0,25.5,
294,1877,Jul,21.1,11.1,0.0,85.4,
295,1877,Aug,20.5,11.9,0.0,87.3,
296,1877,Sep,15.9,7.6,0.0,63.5,
297,1877,Oct,13.7,5.2,2.0,43.1,
298,1877,Nov,10.8,4.3,0.0,98.2,
299,1877,Dec,7.8,2.3,7.0,44.6,
300,1878,Jan,7.5,2.6,8.0,44.3,
301,1878,Feb,8.8,4.2,4.0,34.2,
302,1878,Mar,9.5,2.2,9.0,19.5,
303,1878,Apr,14.1,5.5,3.0,58.4,
304,1878,May,17.7,8.4,0.0,126.7,
305,1878,Jun,21.1,11.1,0.0,49.0,
306,1878,Jul,22.2,12.6,0.0,29.1,
307,1878,Aug,21.7,13.1,0.0,130.7,
308,1878,Sep,18.1,9.4,0.0,34.4,
309,1878,Oct,14.1,7.4,0.0,54.1,
310,1878,Nov,6.6,2.6,5.0,58.1,
311,1878,Dec,3.1,-2.0,20.0,38.6,
312,1879,Jan,1.6,-2.8,27.0,76.5,
313,1879,Feb,6.0,1.1,9.0,84.6,
314,1879,Mar,8.6,1.1,10.0,22.3,
315,1879,Apr,9.5,2.4,7.0,62.1,
316,1879,May,12.9,5.2,3.0,57.6,
317,1879,Jun,17.0,10.2,0.0,110.7,
318,1879,Jul,17.5,11.4,0.0,86.8,
319,1879,Aug,18.7,11.8,0.0,128.7,
320,1879,Sep,16.6,9.5,0.0,73.6,
321,1879,Oct,12.2,6.0,0.0,18.6,
322,1879,Nov,6.7,0.9,13.0,17.4,
323,1879,Dec,3.7,-3.2,24.0,18.7,
324,1880,Jan,3.0,-2.5,22.0,11.1,
325,1880,Feb,9.0,2.4,5.0,60.9,
326,1880,Mar,11.7,2.5,7.0,35.3,
327,1880,Apr,12.2,4.7,1.0,48.7,
328,1880,May,15.9,6.4,0.0,21.1,
329,1880,Jun,17.9,10.0,0.0,87.6,
330,1880,Jul,19.7,12.2,0.0,155.1,
331,1880,Aug,20.5,13.2,0.0,12.7,
332,1880,Sep,19.8,11.5,0.0,88.6,
333,1880,Oct,12.2,4.9,3.0,133.5,
334,1880,Nov,9.8,3.1,9.0,47.8,
335,1880,Dec,9.3,3.6,5.0,75.7,
336,1881,Jan,1.8,-4.0,20.0,31.9,
337,1881,Feb,6.3,1.5,10.0,70.2,
338,1881,Mar,10.3,2.1,11.0,37.7,
339,1881,Apr,12.9,3.1,7.0,19.9,
340,1881,May,17.7,6.9,1.0,31.9,
341,1881,Jun,19.2,10.3,0.0,48.0,
342,1881,Jul,22.7,12.5,0.0,63.7,
343,1881,Aug,19.2,10.8,0.0,118.2,
344,1881,Sep,17.6,9.5,0.0,35.5,
345,1881,Oct,11.9,4.2,5.0,42.8,
346,1881,Nov,12.5,6.9,0.0,82.0,
347,1881,Dec,7.1,2.1,7.0,75.5,
348,1882,Jan,7.7,2.8,6.0,28.4,
349,1882,Feb,9.2,3.5,3.0,38.8,
350,1882,Mar,12.6,4.0,3.0,28.2,
351,1882,Apr,13.7,5.1,1.0,99.7,
352,1882,May,17.4,7.3,0.0,47.0,
353,1882,Jun,17.5,9.7,0.0,83.8,
354,1882,Jul,20.0,11.9,0.0,82.2,
355,1882,Aug,19.9,11.5,0.0,33.8,
356,1882,Sep,17.3,8.3,0.0,51.4,
357,1882,Oct,13.6,7.2,1.0,147.9,
358,1882,Nov,9.6,3.5,3.0,84.8,
359,1882,Dec,7.2,2.5,9.0,80.3,
360,1883,Jan,8.2,3.3,3.0,57.8,
361,1883,Feb,9.9,4.0,0.0,95.1,
362,1883,Mar,7.2,-1.2,22.0,24.0,
363,1883,Apr,14.0,4.5,3.0,25.7,
364,1883,May,16.2,7.1,1.0,47.9,
365,1883,Jun,19.6,10.1,0.0,91.7,
366,1883,Jul,18.8,11.2,0.0,87.9,
367,1883,Aug,21.0,11.8,0.0,18.7,
368,1883,Sep,17.5,10.4,0.0,98.4,
369,1883,Oct,13.8,7.4,0.0,48.2,
370,1883,Nov,10.3,3.3,4.0,79.4,
371,1883,Dec,7.3,2.7,5.0,11.4,
372,1884,Jan,9.5,5.1,0.0,55.7,
373,1884,Feb,8.9,3.1,4.0,32.2,
374,1884,Mar,10.9,3.0,4.0,39.3,
375,1884,Apr,11.7,3.1,6.0,40.2,
376,1884,May,17.6,6.6,0.0,19.4,
377,1884,Jun,19.5,9.9,0.0,54.6,
378,1884,Jul,21.5,12.4,0.0,57.5,
379,1884,Aug,23.9,12.0,0.0,38.7,
380,1884,Sep,19.7,10.9,0.0,31.2,
381,1884,Oct,13.7,6.1,0.0,19.4,
382,1884,Nov,8.8,2.6,10.0,41.4,
383,1884,Dec,7.3,2.9,4.0,51.3,
384,1885,Jan,5.0,0.9,14.0,49.4,
385,1885,Feb,9.8,3.8,4.0,73.3,
386,1885,Mar,9.4,1.2,10.0,29.8,
387,1885,Apr,13.0,3.6,4.0,45.0,
388,1885,May,13.7,5.3,0.0,53.5,
389,1885,Jun,19.8,9.8,0.0,39.9,
390,1885,Jul,22.7,11.9,0.0,3.1,
391,1885,Aug,18.9,9.9,0.0,41.7,
392,1885,Sep,17.1,8.6,0.0,111.9,
393,1885,Oct,11.2,4.8,0.0,98.4,
394,1885,Nov,8.4,4.0,5.0,91.0,
395,1885,Dec,6.4,1.3,11.0,24.8,
396,1886,Jan,4.6,-0.5,15.0,97.6,
397,1886,Feb,3.3,-1.1,20.0,19.9,
398,1886,Mar,7.8,1.5,17.0,41.8,
399,1886,Apr,12.9,3.8,4.0,59.0,
400,1886,May,15.7,7.0,0.0,122.3,
401,1886,Jun,18.6,9.5,0.0,33.6,
402,1886,Jul,21.8,12.0,0.0,93.5,
403,1886,Aug,21.2,12.0,0.0,39.7,
404,1886,Sep,19.0,10.3,0.0,49.7,
405,1886,Oct,15.1,8.7,0.0,88.1,
406,1886,Nov,9.5,3.8,5.0,64.3,
407,1886,Dec,5.5,-0.3,13.0,120.8,
408,1887,Jan,4.7,-0.5,15.0,65.3,
409,1887,Feb,7.5,0.5,17.0,15.2,
410,1887,Mar,7.3,-0.1,13.0,45.7,
411,1887,Apr,11.6,1.9,5.0,29.1,
412,1887,May,14.4,6.1,0.0,49.9,
413,1887,Jun,21.6,10.2,0.0,32.8,
414,1887,Jul,24.0,12.4,0.0,18.0,
415,1887,Aug,22.2,10.5,0.0,40.5,
416,1887,Sep,16.3,8.1,0.0,61.2,
417,1887,Oct,11.5,3.5,6.0,53.7,
418,1887,Nov,7.8,2.2,8.0,46.0,
419,1887,Dec,5.7,0.3,17.0,35.3,
420,1888,Jan,5.6,0.7,17.0,19.8,
421,1888,Feb,4.1,-0.7,20.0,71.7,
422,1888,Mar,6.9,0.9,15.0,77.6,
423,1888,Apr,10.4,3.0,8.0,39.5,
424,1888,May,16.3,6.3,0.0,39.4,
425,1888,Jun,18.3,9.6,0.0,77.0,
426,1888,Jul,18.0,10.9,0.0,119.6,
427,1888,Aug,19.0,10.5,0.0,47.6,
428,1888,Sep,17.6,8.8,0.0,33.0,
429,1888,Oct,13.0,3.7,9.0,19.5,
430,1888,Nov,10.5,6.0,0.0,114.8,
431,1888,Dec,7.6,2.5,11.0,56.8,
432,1889,Jan,5.1,-0.1,14.0,16.1,
433,1889,Feb,5.8,-0.4,17.0,47.7,
434,1889,Mar,9.0,1.4,12.0,50.4,
435,1889,Apr,10.9,3.8,1.0,79.0,
436,1889,May,17.3,8.9,0.0,87.4,
437,1889,Jun,20.6,10.9,0.0,50.5,
438,1889,Jul,20.0,11.3,0.0,72.4,
439,1889,Aug,19.6,10.8,0.0,60.7,
440,1889,Sep,17.5,9.1,0.0,45.2,
441,1889,Oct,12.8,5.4,1.0,62.5,
442,1889,Nov,9.5,4.3,4.0,26.5,
443,1889,Dec,5.6,0.1,16.0,30.1,
444,1890,Jan,8.7,3.3,3.0,51.0,
445,1890,Feb,6.3,0.3,12.0,18.7,
446,1890,Mar,10.1,2.6,5.0,21.9,
447,1890,Apr,11.9,3.0,6.0,25.8,
448,1890,May,17.0,6.6,0.0,45.2,
449,1890,Jun,19.0,9.7,0.0,44.6,
450,1890,Jul,19.3,11.2,0.0,77.2,
451,1890,Aug,19.4,10.8,0.0,62.7,
452,1890,Sep,20.2,9.9,0.0,26.3,
453,1890,Oct,14.0,5.7,1.0,33.6,
454,1890,Nov,9.2,3.0,7.0,47.1,
455,1890,Dec,0.2,-4.0,25.0,13.3,
456,1891,Jan,4.3,-1.9,20.0,39.4,
457,1891,Feb,8.9,-0.2,13.0,2.5,
458,1891,Mar,7.9,0.9,13.0,35.4,
459,1891,Apr,11.2,2.2,5.0,24.0,
460,1891,May,14.1,5.6,2.0,65.8,
461,1891,Jun,19.9,10.4,0.0,36.3,
462,1891,Jul,19.3,10.7,0.0,62.3,
463,1891,Aug,18.0,10.9,0.0,119.7,
464,1891,Sep,18.6,9.8,0.0,36.8,
465,1891,Oct,13.2,6.6,1.0,150.1,
466,1891,Nov,8.4,3.2,3.0,62.6,
467,1891,Dec,7.3,1.6,9.0,86.1,
468,1892,Jan,4.8,-0.3,18.0,12.0,
469,1892,Feb,6.4,0.9,9.0,18.6,
470,1892,Mar,6.9,-0.9,23.0,9.5,
471,1892,Apr,14.3,1.7,10.0,19.5,
472,1892,May,17.1,6.9,3.0,32.8,
473,1892,Jun,19.2,8.7,0.0,52.7,
474,1892,Jul,18.9,10.3,0.0,84.4,
475,1892,Aug,20.4,11.5,0.0,78.7,
476,1892,Sep,16.9,8.9,0.0,59.1,
477,1892,Oct,11.1,4.0,4.0,85.6,
478,1892,Nov,9.4,3.8,6.0,49.2,
479,1892,Dec,4.7,-0.6,17.0,25.3,
480,1893,Jan,4.4,-0.3,15.0,43.1,
481,1893,Feb,8.0,2.5,5.0,69.4,
482,1893,Mar,13.7,1.7,12.0,9.4,
483,1893,Apr,18.0,3.9,2.0,1.5,
484,1893,May,19.4,7.7,0.0,23.1,
485,1893,Jun,21.8,10.2,0.0,19.6,
486,1893,Jul,21.6,12.5,0.0,98.9,
487,1893,Aug,23.2,13.0,0.0,27.7,
488,1893,Sep,18.6,8.9,0.0,16.0,
489,1893,Oct,14.3,6.6,1.0,73.5,
490,1893,Nov,8.2,1.7,12.0,42.5,
491,1893,Dec,7.8,1.3,5.0,47.7,
492,1894,Jan,6.1,1.2,9.0,49.6,
493,1894,Feb,8.6,2.2,7.0,41.3,
494,1894,Mar,11.8,2.2,5.0,45.0,
495,1894,Apr,15.0,5.1,0.0,46.9,
496,1894,May,14.1,5.3,1.0,39.3,
497,1894,Jun,18.2,9.9,0.0,74.0,
498,1894,Jul,20.6,12.0,0.0,84.8,
499,1894,Aug,18.6,11.0,0.0,69.7,
500,1894,Sep,16.0,8.3,0.0,47.1,
501,1894,Oct,12.5,6.9,1.0,89.4,
502,1894,Nov,10.6,5.4,0.0,126.1,
503,1894,Dec,7.5,2.8,9.0,52.6,
504,1895,Jan,3.1,-1.8,20.0,66.3,
505,1895,Feb,1.8,-5.3,24.0,4.4,
506,1895,Mar,10.0,2.0,9.0,39.2,
507,1895,Apr,13.1,5.0,1.0,46.4,
508,1895,May,19.0,7.3,0.0,4.6,
509,1895,Jun,21.4,9.8,0.0,28.6,
510,1895,Jul,20.4,12.2,0.0,91.5,
511,1895,Aug,20.5,12.1,0.0,62.5,
512,1895,Sep,22.4,9.9,0.0,16.4,
513,1895,Oct,11.6,3.9,8.0,76.6,
514,1895,Nov,11.1,5.4,1.0,113.5,
515,1895,Dec,6.8,1.9,6.0,56.5,
516,1896,Jan,7.2,2.4,5.0,16.8,
517,1896,Feb,8.0,1.4,9.0,10.1,
518,1896,Mar,11.4,4.3,3.0,69.0,
519,1896,Apr,14.0,5.4,0.0,17.5,
520,1896,May,18.2,6.6,1.0,6.1,
521,1896,Jun,21.9,12.0,0.0,65.0,
522,1896,Jul,22.8,12.1,0.0,37.4,
523,1896,Aug,19.6,10.6,0.0,79.8,
524,1896,Sep,17.0,10.7,0.0,152.6,
525,1896,Oct,11.5,4.5,3.0,81.1,
526,1896,Nov,7.8,1.6,8.0,21.8,
527,1896,Dec,6.7,1.7,11.0,77.3,
528,1897,Jan,3.9,-0.2,15.0,44.7,
529,1897,Feb,8.8,4.1,2.0,60.0,
530,1897,Mar,10.6,4.1,3.0,73.6,
531,1897,Apr,11.6,4.1,2.0,53.5,
532,1897,May,15.7,5.7,1.0,17.9,
533,1897,Jun,20.6,11.2,0.0,74.1,
534,1897,Jul,22.4,12.3,0.0,67.1,
535,1897,Aug,20.9,12.1,0.0,108.9,
536,1897,Sep,16.7,8.9,0.0,59.7,
537,1897,Oct,14.2,6.3,0.0,36.0,
538,1897,Nov,10.2,4.3,2.0,29.8,
539,1897,Dec,7.6,1.9,10.0,65.5,
540,1898,Jan,8.6,4.2,5.0,12.8,
541,1898,Feb,8.5,2.0,7.0,32.9,
542,1898,Mar,8.5,0.6,15.0,17.6,
543,1898,Apr,13.6,3.7,4.0,36.0,
544,1898,May,14.8,6.8,0.0,61.7,
545,1898,Jun,18.8,9.5,0.0,34.8,
546,1898,Jul,21.3,11.1,0.0,15.2,
547,1898,Aug,22.4,12.5,0.0,43.8,
548,1898,Sep,22.2,10.0,0.0,10.5,
549,1898,Oct,14.6,8.4,0.0,125.6,
550,1898,Nov,10.4,4.7,3.0,50.9,
551,1898,Dec,10.1,5.1,4.0,65.2,
552,1899,Jan,8.5,2.9,5.0,75.3,
553,1899,Feb,9.5,2.1,10.0,51.2,
554,1899,Mar,10.6,0.4,16.0,7.4,
555,1899,Apr,12.2,5.1,2.0,48.8,
556,1899,May,15.4,6.2,0.0,38.0,
557,1899,Jun,22.0,10.3,0.0,20.3,
558,1899,Jul,23.8,13.3,0.0,42.9,
559,1899,Aug,24.9,12.3,0.0,47.6,
560,1899,Sep,18.6,10.3,0.0,58.2,
561,1899,Oct,14.1,4.7,2.0,70.1,
562,1899,Nov,11.3,5.4,3.0,66.6,
563,1899,Dec,5.0,-0.2,14.0,33.2,
564,1900,Jan,7.2,2.1,5.0,58.5,
565,1900,Feb,6.0,0.7,14.0,107.0,
566,1900,Mar,7.2,0.9,8.0,12.9,
567,1900,Apr,13.8,3.8,3.0,22.8,
568,1900,May,15.2,6.3,0.0,34.0,
569,1900,Jun,19.5,10.6,0.0,69.4,
570,1900,Jul,24.3,13.4,0.0,22.4,
571,1900,Aug,20.4,11.5,0.0,79.8,
572,1900,Sep,19.6,9.2,0.0,10.4,
573,1900,Oct,14.2,6.7,0.0,59.1,
574,1900,Nov,10.3,5.4,2.0,42.2,
575,1900,Dec,10.2,5.0,2.0,81.9,
576,1901,Jan,6.0,1.0,15.0,26.9,
577,1901,Feb,4.9,0.1,13.0,32.8,
578,1901,Mar,7.6,1.2,8.0,36.1,
579,1901,Apr,14.0,4.3,1.0,53.2,
580,1901,May,17.4,6.2,1.0,31.8,
581,1901,Jun,19.8,9.4,0.0,38.6,
582,1901,Jul,23.8,13.2,0.0,118.1,
583,1901,Aug,21.4,11.5,0.0,54.3,
584,1901,Sep,18.5,10.0,0.0,47.0,
585,1901,Oct,14.1,6.2,3.0,30.5,
586,1901,Nov,8.1,1.7,11.0,13.4,
587,1901,Dec,6.4,0.9,12.0,83.5,
588,1902,Jan,7.8,2.6,10.0,17.1,
589,1902,Feb,4.7,-0.5,18.0,26.9,
590,1902,Mar,11.0,3.8,4.0,30.8,
591,1902,Apr,12.7,3.5,4.0,30.6,
592,1902,May,13.8,5.4,1.0,38.6,
593,1902,Jun,18.5,9.8,0.0,50.1,
594,1902,Jul,20.5,11.0,0.0,15.7,
595,1902,Aug,19.6,11.1,0.0,56.0,
596,1902,Sep,18.0,8.5,0.0,27.9,
597,1902,Oct,13.0,6.8,0.0,39.0,
598,1902,Nov,9.6,4.5,4.0,56.8,
599,1902,Dec,7.0,2.5,7.0,33.9,
600,1903,Jan,6.9,2.4,8.0,65.4,
601,1903,Feb,10.5,4.5,1.0,19.8,
602,1903,Mar,11.1,4.3,0.0,77.1,
603,1903,Apr,11.0,2.6,9.0,58.5,
604,1903,May,16.2,7.2,0.0,111.0,
605,1903,Jun,17.5,8.9,0.0,141.8,
606,1903,Jul,20.7,11.9,0.0,88.2,
607,1903,Aug,18.8,10.9,0.0,84.7,
608,1903,Sep,17.8,9.7,0.0,39.3,
609,1903,Oct,14.0,8.5,0.0,163.3,
610,1903,Nov,9.6,3.9,4.0,38.2,
611,1903,Dec,5.7,1.6,10.0,26.5,
612,1904,Jan,6.8,1.4,10.0,79.1,
613,1904,Feb,6.4,1.5,8.0,76.0,
614,1904,Mar,8.3,1.6,7.0,26.4,
615,1904,Apr,13.8,5.4,0.0,20.4,
616,1904,May,15.6,7.4,0.0,81.7,
617,1904,Jun,18.8,9.2,0.0,26.5,
618,1904,Jul,23.2,13.0,0.0,85.1,
619,1904,Aug,20.6,11.0,0.0,38.7,
620,1904,Sep,17.3,7.9,0.0,31.6,
621,1904,Oct,13.5,6.3,1.0,21.8,
622,1904,Nov,8.5,2.0,11.0,39.5,
623,1904,Dec,6.4,1.6,11.0,46.9,
624,1905,Jan,6.3,0.4,15.0,19.9,
625,1905,Feb,8.4,3.2,2.0,10.2,
626,1905,Mar,11.1,3.9,2.0,75.7,
627,1905,Apr,11.5,4.5,1.0,49.0,
628,1905,May,16.7,6.1,1.0,19.5,
629,1905,Jun,19.5,10.9,0.0,105.1,
630,1905,Jul,23.3,13.4,0.0,4.0,
631,1905,Aug,19.7,11.4,0.0,80.4,
632,1905,Sep,16.8,9.4,0.0,32.5,
633,1905,Oct,11.4,3.8,6.0,35.4,
634,1905,Nov,8.3,2.2,7.0,75.5,
635,1905,Dec,7.0,2.2,7.0,25.1,
636,1906,Jan,8.4,3.1,3.0,89.3,
637,1906,Feb,6.6,0.7,10.0,40.4,
638,1906,Mar,9.3,2.1,9.0,32.2,
639,1906,Apr,13.8,2.1,9.0,9.0,
640,1906,May,15.5,7.2,0.0,45.0,
641,1906,Jun,20.2,9.3,0.0,86.9,
642,1906,Jul,22.2,11.6,0.0,26.7,
643,1906,Aug,23.4,12.6,0.0,25.4,
644,1906,Sep,20.4,9.4,0.0,25.0,
645,1906,Oct,14.9,8.3,0.0,104.8,
646,1906,Nov,10.5,4.7,3.0,82.4,
647,1906,Dec,6.2,0.6,13.0,48.3,
648,1907,Jan,6.3,1.1,10.0,15.5,
649,1907,Feb,6.3,0.3,13.0,28.6,
650,1907,Mar,12.1,1.8,8.0,21.3,
651,1907,Apr,12.6,4.1,1.0,57.4,
652,1907,May,15.9,7.3,0.0,59.6,
653,1907,Jun,16.8,9.5,0.0,75.1,
654,1907,Jul,19.2,10.4,0.0,86.0,
655,1907,Aug,19.3,11.0,0.0,34.9,
656,1907,Sep,19.7,9.0,0.0,18.1,
657,1907,Oct,13.7,7.0,0.0,135.9,
658,1907,Nov,10.2,4.2,2.0,57.5,
659,1907,Dec,7.8,3.0,3.0,97.7,
660,1908,Jan,5.5,-0.4,18.0,42.4,
661,1908,Feb,8.6,2.7,4.0,22.2,
662,1908,Mar,8.3,1.5,6.0,67.7,
663,1908,Apr,10.4,2.4,10.0,109.4,
664,1908,May,17.6,9.0,0.0,37.2,
665,1908,Jun,20.5,9.8,0.0,43.1,
666,1908,Jul,21.5,12.2,0.0,54.2,
667,1908,Aug,20.0,10.7,0.0,77.0,
668,1908,Sep,17.0,9.4,0.0,41.9,
669,1908,Oct,16.1,8.1,1.0,29.7,
670,1908,Nov,11.1,5.0,3.0,28.6,
671,1908,Dec,6.5,1.6,5.0,49.9,
672,1909,Jan,6.2,1.1,12.0,20.9,
673,1909,Feb,6.5,-0.6,17.0,10.6,
674,1909,Mar,7.1,1.2,9.0,63.7,
675,1909,Apr,15.1,3.5,5.0,50.2,
676,1909,May,17.3,5.4,0.0,48.1,
677,1909,Jun,16.1,8.8,0.0,101.4,
678,1909,Jul,19.6,11.7,0.0,61.5,
679,1909,Aug,21.2,11.7,0.0,83.7,
680,1909,Sep,16.1,9.1,0.0,79.1,
681,1909,Oct,14.1,8.1,2.0,90.8,
682,1909,Nov,8.3,2.3,10.0,16.1,
683,1909,Dec,7.3,1.9,9.0,78.4,
684,1910,Jan,6.7,1.6,9.0,40.4,
685,1910,Feb,8.6,2.8,4.0,74.8,
686,1910,Mar,10.6,1.9,10.0,15.4,
687,1910,Apr,11.8,4.2,3.0,73.0,
688,1910,May,16.5,7.3,1.0,52.6,
689,1910,Jun,19.9,11.3,0.0,75.7,
690,1910,Jul,18.3,11.1,0.0,51.1,
691,1910,Aug,19.5,12.0,0.0,48.0,
692,1910,Sep,17.1,9.1,0.0,11.2,
693,1910,Oct,14.2,8.5,0.0,94.6,
694,1910,Nov,6.9,0.4,17.0,78.6,
695,1910,Dec,8.8,4.7,1.0,125.9,
696,1911,Jan,6.3,1.3,9.0,20.4,
697,1911,Feb,8.0,2.4,6.0,35.3,
698,1911,Mar,8.5,2.7,2.0,41.7,
699,1911,Apr,12.2,4.2,6.0,29.6,
700,1911,May,18.6,8.4,0.0,56.0,
701,1911,Jun,20.1,10.5,0.0,30.2,
702,1911,Jul,26.1,13.1,0.0,10.8,
703,1911,Aug,24.9,14.0,0.0,26.1,
704,1911,Sep,21.4,9.4,0.0,36.5,
705,1911,Oct,13.4,6.7,1.0,62.6,
706,1911,Nov,9.3,3.6,4.0,61.9,
707,1911,Dec,9.1,4.6,1.0,126.9,
708,1912,Jan,6.8,1.7,9.0,111.5,
709,1912,Feb,8.8,3.7,6.0,54.2,
710,1912,Mar,10.8,5.0,0.0,83.3,
711,1912,Apr,14.7,3.8,2.0,0.6,
712,1912,May,17.5,8.8,0.0,55.2,
713,1912,Jun,18.6,10.2,0.0,83.0,
714,1912,Jul,21.1,12.5,0.0,78.7,
715,1912,Aug,17.1,10.0,0.0,123.6,
716,1912,Sep,15.2,7.7,0.0,29.8,
717,1912,Oct,13.3,3.9,7.0,80.8,
718,1912,Nov,9.2,4.1,3.0,47.2,
719,1912,Dec,10.1,5.0,1.0,85.9,
720,1913,Jan,7.6,3.0,5.0,77.0,
721,1913,Feb,7.8,1.9,9.0,24.9,
722,1913,Mar,10.4,3.3,4.0,68.1,
723,1913,Apr,12.2,4.7,1.0,96.8,
724,1913,May,17.0,7.8,0.0,68.4,
725,1913,Jun,19.9,10.0,0.0,14.5,
726,1913,Jul,19.6,11.4,0.0,20.1,
727,1913,Aug,21.0,11.1,0.0,20.4,
728,1913,Sep,18.6,10.8,0.0,47.6,
729,1913,Oct,15.0,8.5,1.0,120.9,
730,1913,Nov,11.9,5.7,2.0,63.6,
731,1913,Dec,7.5,2.8,10.0,24.2,
732,1914,Jan,6.0,1.2,13.0,13.9,
733,1914,Feb,10.4,3.8,2.0,51.4,
734,1914,Mar,10.1,3.3,6.0,92.0,
735,1914,Apr,15.9,4.7,0.0,29.8,
736,1914,May,16.6,6.4,2.0,37.1,
737,1914,Jun,20.8,10.0,0.0,77.4,
738,1914,Jul,20.9,12.2,0.0,77.7,
739,1914,Aug,21.8,12.1,0.0,47.3,
740,1914,Sep,19.5,8.3,0.0,22.2,
741,1914,Oct,14.6,7.2,0.0,74.8,
742,1914,Nov,10.2,4.0,6.0,74.1,
743,1914,Dec,8.0,2.6,6.0,147.9,
744,1915,Jan,6.5,2.2,6.0,81.1,
745,1915,Feb,7.9,1.9,7.0,91.7,
746,1915,Mar,9.3,1.8,11.0,33.1,
747,1915,Apr,12.9,3.5,1.0,21.0,
748,1915,May,17.1,6.4,0.0,90.3,
749,1915,Jun,20.6,9.5,0.0,35.1,
750,1915,Jul,19.7,11.3,0.0,114.1,
751,1915,Aug,20.8,12.2,0.0,35.2,
752,1915,Sep,18.8,8.6,0.0,74.3,
753,1915,Oct,12.7,6.3,2.0,53.3,
754,1915,Nov,6.9,0.1,15.0,64.6,
755,1915,Dec,9.0,3.5,6.0,127.1,
756,1916,Jan,10.3,5.1,0.0,38.1,
757,1916,Feb,6.5,1.1,10.0,97.3,
758,1916,Mar,6.5,1.1,9.0,131.8,
759,1916,Apr,13.9,4.3,1.0,25.2,
760,1916,May,17.3,7.6,0.0,51.6,
761,1916,Jun,15.9,8.1,0.0,46.9,
762,1916,Jul,20.9,11.0,0.0,45.3,
763,1916,Aug,21.8,12.6,0.0,102.9,
764,1916,Sep,17.6,9.0,0.0,23.3,
765,1916,Oct,14.6,8.2,2.0,93.7,
766,1916,Nov,9.4,3.8,4.0,85.6,
767,1916,Dec,4.1,-0.6,18.0,72.3,
768,1917,Jan,3.2,0.1,18.0,36.5,
769,1917,Feb,4.3,-1.4,16.0,32.0,
770,1917,Mar,6.9,0.0,15.0,45.5,
771,1917,Apr,10.5,1.8,11.0,41.5,
772,1917,May,19.5,8.2,0.0,42.0,
773,1917,Jun,21.4,10.8,0.0,56.4,
774,1917,Jul,21.1,11.9,0.0,82.9,
775,1917,Aug,19.0,12.7,0.0,101.3,
776,1917,Sep,18.7,10.8,0.0,43.1,
777,1917,Oct,12.2,4.0,1.0,106.0,
778,1917,Nov,10.6,5.3,2.0,17.3,
779,1917,Dec,4.7,-0.7,18.0,24.5,
780,1918,Jan,6.4,1.3,13.0,69.6,
781,1918,Feb,9.2,3.9,5.0,27.9,
782,1918,Mar,10.9,2.1,7.0,19.8,
783,1918,Apr,10.5,3.6,2.0,81.5,
784,1918,May,19.1,8.0,0.0,47.0,
785,1918,Jun,18.9,8.5,0.0,33.3,
786,1918,Jul,20.8,11.7,0.0,100.6,
787,1918,Aug,21.1,12.0,0.0,30.5,
788,1918,Sep,16.1,9.0,0.0,126.1,
789,1918,Oct,12.6,6.4,0.0,44.3,
790,1918,Nov,9.2,2.1,11.0,49.5,
791,1918,Dec,9.9,5.0,2.0,59.5,
792,1919,Jan,5.2,0.6,12.0,85.5,
793,1919,Feb,4.3,-1.0,15.0,55.7,
794,1919,Mar,7.5,1.0,11.0,97.9,
795,1919,Apr,11.8,3.3,7.0,57.1,
796,1919,May,19.5,7.8,0.0,15.6,
797,1919,Jun,20.4,9.7,0.0,17.9,
798,1919,Jul,18.7,10.2,0.0,59.7,
799,1919,Aug,22.4,12.0,0.0,72.5,
800,1919,Sep,18.0,8.7,1.0,31.5,
801,1919,Oct,12.1,2.3,5.0,38.2,
802,1919,Nov,6.1,1.0,12.0,21.8,
803,1919,Dec,8.6,3.2,3.0,112.3,
804,1920,Jan,8.6,2.8,6.0,54.3,
805,1920,Feb,9.9,2.7,6.0,16.1,
806,1920,Mar,12.0,3.8,3.0,41.8,
807,1920,Apr,12.0,5.9,0.0,78.5,
808,1920,May,17.1,7.8,0.0,42.9,
809,1920,Jun,19.6,10.1,0.0,81.2,
810,1920,Jul,18.2,11.0,0.0,119.0,
811,1920,Aug,18.0,9.7,0.0,28.5,
812,1920,Sep,18.1,9.3,0.0,45.0,
813,1920,Oct,14.5,6.6,1.0,48.9,
814,1920,Nov,9.8,3.4,7.0,35.1,
815,1920,Dec,6.8,2.2,9.0,58.9,
816,1921,Jan,9.9,5.2,2.0,62.4,
817,1921,Feb,8.6,1.4,7.0,14.3,
818,1921,Mar,11.8,4.1,1.0,23.8,
819,1921,Apr,14.2,3.9,3.0,23.1,
820,1921,May,17.5,6.9,1.0,38.0,
821,1921,Jun,21.4,9.5,0.0,8.7,
822,1921,Jul,26.1,13.3,0.0,7.2,
823,1921,Aug,20.9,12.1,0.0,41.9,
824,1921,Sep,20.6,9.3,0.0,43.6,
825,1921,Oct,18.9,8.2,0.0,32.5,
826,1921,Nov,8.0,1.7,12.0,42.9,
827,1921,Dec,9.4,3.6,5.0,40.9,
828,1922,Jan,7.1,1.3,13.0,61.2,
829,1922,Feb,8.3,1.4,11.0,58.0,
830,1922,Mar,8.5,1.8,8.0,48.9,
831,1922,Apr,10.4,1.9,7.0,71.9,
832,1922,May,19.9,8.1,0.0,34.0,
833,1922,Jun,19.9,9.3,0.0,30.3,
834,1922,Jul,18.5,10.4,0.0,90.2,
835,1922,Aug,18.1,10.1,0.0,130.4,
836,1922,Sep,16.9,8.8,0.0,35.4,
837,1922,Oct,12.9,4.0,6.0,12.7,
838,1922,Nov,9.0,2.3,8.0,31.2,
839,1922,Dec,8.4,3.9,1.0,66.4,
840,1923,Jan,8.4,2.2,4.0,40.6,
841,1923,Feb,8.8,3.7,2.0,91.3,
842,1923,Mar,9.8,3.6,1.0,66.8,
843,1923,Apr,12.2,4.3,2.0,57.9,
844,1923,May,14.7,6.0,1.0,36.6,
845,1923,Jun,17.3,8.8,0.0,10.8,
846,1923,Jul,23.4,13.5,0.0,37.9,
847,1923,Aug,21.4,11.1,0.0,83.8,
848,1923,Sep,18.0,8.5,0.0,46.3,
849,1923,Oct,13.6,7.1,0.0,99.7,
850,1923,Nov,6.8,0.0,13.0,34.6,
851,1923,Dec,7.4,1.0,14.0,60.4,
852,1924,Jan,7.7,3.0,5.0,80.1,
853,1924,Feb,6.3,0.4,12.0,6.5,
854,1924,Mar,9.6,-0.2,21.0,23.8,
855,1924,Apr,12.5,3.7,5.0,67.6,
856,1924,May,16.9,8.0,0.0,100.6,
857,1924,Jun,19.1,10.4,0.0,69.3,
858,1924,Jul,20.7,10.9,0.0,92.5,
859,1924,Aug,18.8,10.5,0.0,49.8,
860,1924,Sep,17.4,10.5,0.0,108.4,
861,1924,Oct,14.1,7.3,1.0,99.0,
862,1924,Nov,10.1,4.8,4.0,47.2,
863,1924,Dec,9.1,4.3,1.0,110.1,
864,1925,Jan,8.4,2.3,6.0,40.9,
865,1925,Feb,9.0,2.5,2.0,86.4,
866,1925,Mar,8.9,1.5,13.0,11.9,
867,1925,Apr,12.2,3.6,1.0,56.6,
868,1925,May,16.8,7.8,0.0,68.0,
869,1925,Jun,21.5,9.9,0.0,1.7,
870,1925,Jul,22.5,12.3,0.0,98.9,
871,1925,Aug,20.1,12.0,0.0,59.5,
872,1925,Sep,16.3,7.8,0.0,82.0,
873,1925,Oct,15.2,6.9,2.0,71.4,
874,1925,Nov,7.7,1.4,16.0,47.6,
875,1925,Dec,6.0,0.4,15.0,51.5,
876,1926,Jan,7.5,1.5,9.0,101.0,
877,1926,Feb,10.2,4.7,1.0,54.1,
878,1926,Mar,10.6,3.3,2.0,16.8,
879,1926,Apr,14.1,5.2,0.0,68.8,
880,1926,May,15.1,6.6,0.0,79.5,
881,1926,Jun,18.8,9.4,0.0,61.9,
882,1926,Jul,21.6,12.9,0.0,67.6,
883,1926,Aug,21.6,12.1,0.0,30.2,
884,1926,Sep,19.6,11.0,0.0,35.7,
885,1926,Oct,12.6,4.5,7.0,55.0,
886,1926,Nov,10.0,3.6,5.0,113.5,
887,1926,Dec,6.9,1.3,10.0,11.3,
888,1927,Jan,7.8,1.8,7.0,60.6,
889,1927,Feb,7.0,1.3,12.0,97.9,
890,1927,Mar,11.5,4.4,1.0,60.4,
891,1927,Apr,13.1,4.5,1.0,44.1,
892,1927,May,17.7,6.8,1.0,21.4,
893,1927,Jun,17.9,8.8,0.0,81.1,
894,1927,Jul,19.6,12.6,0.0,78.4,
895,1927,Aug,20.1,12.2,0.0,105.4,
896,1927,Sep,16.4,9.6,0.0,133.8,
897,1927,Oct,15.0,6.8,0.0,48.1,
898,1927,Nov,9.5,3.5,8.0,67.1,
899,1927,Dec,4.0,0.3,12.0,87.0,
900,1928,Jan,9.0,2.2,3.0,97.3,
901,1928,Feb,10.3,2.2,7.0,44.9,
902,1928,Mar,10.6,3.4,6.0,39.0,
903,1928,Apr,13.0,4.5,3.0,22.5,
904,1928,May,16.5,6.4,1.0,14.8,
905,1928,Jun,18.6,9.1,0.0,45.1,
906,1928,Jul,23.3,12.4,0.0,48.0,
907,1928,Aug,20.2,11.7,0.0,33.3,
908,1928,Sep,19.2,7.9,0.0,16.0,
909,1928,Oct,14.8,6.8,1.0,83.9,
910,1928,Nov,11.5,4.6,2.0,70.8,
911,1928,Dec,6.6,0.4,9.0,55.8,
912,1929,Jan,3.7,-1.1,21.0,29.8,43.8
913,1929,Feb,3.3,-3.0,19.0,14.1,60.5
914,1929,Mar,12.9,-0.1,17.0,1.4,190.2
915,1929,Apr,11.8,2.5,6.0,34.3,144.7
916,1929,May,17.1,6.4,2.0,28.4,240.9
917,1929,Jun,18.9,8.9,0.0,24.3,210.3
918,1929,Jul,22.7,11.2,0.0,34.8,219.7
919,1929,Aug,21.2,11.6,0.0,25.4,176.3
920,1929,Sep,23.2,10.7,0.0,2.6,199.1
921,1929,Oct,14.1,6.3,2.0,77.7,109.2
922,1929,Nov,11.0,3.3,9.0,165.9,78.7
923,1929,Dec,9.2,3.4,5.0,131.7,67.0
924,1930,Jan,9.0,3.4,1.0,73.0,49.9
925,1930,Feb,5.4,0.3,13.0,13.7,54.3
926,1930,Mar,9.8,1.8,10.0,31.0,109.7
927,1930,Apr,12.5,5.0,1.0,55.1,102.0
928,1930,May,15.6,7.0,0.0,54.9,134.5
929,1930,Jun,21.1,10.8,0.0,20.1,211.2
930,1930,Jul,20.1,11.7,0.0,79.5,174.1
931,1930,Aug,21.2,12.0,0.0,51.9,207.5
932,1930,Sep,18.0,10.5,0.0,90.8,108.2
933,1930,Oct,14.6,7.5,0.0,32.0,113.5
934,1930,Nov,10.2,2.8,8.0,106.1,68.7
935,1930,Dec,7.0,1.9,9.0,76.8,23.3
936,1931,Jan,6.5,0.8,14.0,36.2,63.7
937,1931,Feb,7.4,1.3,6.0,43.7,72.0
938,1931,Mar,9.2,0.3,16.0,3.7,142.3
939,1931,Apr,11.8,4.7,0.0,75.8,93.5
940,1931,May,16.1,7.8,0.0,72.8,150.1
941,1931,Jun,19.5,11.0,0.0,89.7,158.7
942,1931,Jul,19.6,12.1,0.0,80.6,127.9
943,1931,Aug,19.1,11.2,0.0,90.4,135.5
944,1931,Sep,15.7,8.3,0.0,62.9,92.3
945,1931,Oct,13.4,5.2,8.0,18.1,102.5
946,1931,Nov,11.0,5.1,1.0,90.6,62.4
947,1931,Dec,7.8,2.8,6.0,28.8,38.5
948,1932,Jan,9.4,3.5,5.0,38.3,51.0
949,1932,Feb,5.8,-0.4,17.0,3.5,57.9
950,1932,Mar,9.6,0.4,15.0,54.4,133.4
951,1932,Apr,11.3,3.8,1.0,62.1,110.9
952,1932,May,14.8,7.5,0.0,139.1,112.4
953,1932,Jun,19.2,9.5,0.0,14.6,199.3
954,1932,Jul,20.6,12.7,0.0,61.6,124.0
955,1932,Aug,22.9,13.6,0.0,64.7,178.3
956,1932,Sep,17.7,9.7,0.0,66.0,102.1
957,1932,Oct,13.1,5.9,1.0,120.8,100.7
958,1932,Nov,9.6,4.0,1.0,31.5,55.7
959,1932,Dec,8.2,3.5,4.0,17.7,58.0
960,1933,Jan,5.3,-0.7,19.0,44.5,69.5
961,1933,Feb,7.9,1.4,14.0,88.6,94.3
962,1933,Mar,12.9,3.3,4.0,60.6,187.6
963,1933,Apr,14.4,4.5,2.0,25.3,152.5
964,1933,May,17.7,8.1,0.0,44.9,170.2
965,1933,Jun,21.4,10.6,0.0,34.1,226.9
966,1933,Jul,23.9,13.6,0.0,47.5,237.6
967,1933,Aug,24.6,12.7,0.0,20.5,242.7
968,1933,Sep,20.6,10.7,0.0,52.8,177.3
969,1933,Oct,14.0,6.7,1.0,36.3,101.3
970,1933,Nov,8.8,2.8,6.0,28.5,53.9
971,1933,Dec,3.5,-0.7,16.0,7.8,59.0
972,1934,Jan,7.5,0.6,12.0,47.8,65.9
973,1934,Feb,7.5,-0.5,14.0,7.7,96.6
974,1934,Mar,9.6,1.3,8.0,45.2,122.5
975,1934,Apr,12.7,4.5,3.0,53.0,124.9
976,1934,May,17.6,6.9,0.0,18.0,216.3
977,1934,Jun,21.1,10.6,0.0,36.6,192.7
978,1934,Jul,25.3,12.9,0.0,24.0,269.3
979,1934,Aug,21.1,11.4,0.0,46.2,184.9
980,1934,Sep,20.2,10.7,0.0,61.4,149.1
981,1934,Oct,14.5,7.6,1.0,34.9,81.5
982,1934,Nov,9.3,3.9,3.0,41.4,48.7
983,1934,Dec,10.5,5.9,0.0,142.2,31.3
984,1935,Jan,7.3,2.5,5.0,13.9,48.1
985,1935,Feb,9.3,2.9,4.0,52.0,62.0
986,1935,Mar,11.1,2.8,6.0,11.4,121.5
987,1935,Apr,12.6,4.4,3.0,91.8,127.3
988,1935,May,15.1,5.4,2.0,35.9,188.5
989,1935,Jun,20.0,11.2,0.0,114.6,196.3
990,1935,Jul,23.9,12.7,0.0,12.9,274.3
991,1935,Aug,23.4,12.1,0.0,45.3,199.9
992,1935,Sep,18.7,10.2,0.0,116.3,144.7
993,1935,Oct,14.0,6.1,3.0,94.9,102.6
994,1935,Nov,10.4,4.3,2.0,103.1,65.4
995,1935,Dec,5.6,0.9,12.0,78.8,48.9
996,1936,Jan,7.2,1.7,12.0,80.3,43.4
997,1936,Feb,6.2,-0.3,15.0,39.6,89.2
998,1936,Mar,11.0,4.1,4.0,46.5,71.4
999,1936,Apr,10.7,2.9,4.0,41.8,133.2
1000,1936,May,17.1,6.8,0.0,10.7,179.5
1001,1936,Jun,20.0,10.6,0.0,91.6,166.2
1002,1936,Jul,19.6,12.0,0.0,87.1,119.2
1003,1936,Aug,22.2,11.7,0.0,21.0,184.7
1004,1936,Sep,18.7,11.3,0.0,83.7,79.3
1005,1936,Oct,13.8,5.2,0.0,33.6,103.1
1006,1936,Nov,9.0,2.2,10.0,67.7,48.9
1007,1936,Dec,8.5,2.2,8.0,50.7,62.3
1008,1937,Jan,8.4,2.5,6.0,84.8,50.9
1009,1937,Feb,9.5,3.5,2.0,120.3,66.6
1010,1937,Mar,7.7,0.8,12.0,77.5,99.7
1011,1937,Apr,13.5,5.8,1.0,66.9,103.1
1012,1937,May,17.5,8.2,0.0,66.7,185.0
1013,1937,Jun,20.0,10.0,0.0,39.8,181.3
1014,1937,Jul,21.2,12.6,0.0,35.2,140.1
1015,1937,Aug,23.6,12.5,0.0,11.2,202.3
1016,1937,Sep,19.3,9.1,0.0,50.4,143.0
1017,1937,Oct,14.8,7.2,0.0,68.6,79.1
1018,1937,Nov,8.6,1.6,11.0,31.0,65.9
1019,1937,Dec,6.0,0.7,14.0,48.5,41.2
1020,1938,Jan,8.8,3.4,0.0,67.3,41.2
1021,1938,Feb,8.2,2.0,6.0,21.3,66.9
1022,1938,Mar,15.5,4.3,5.0,8.9,172.3
1023,1938,Apr,13.0,2.5,5.0,2.7,180.9
1024,1938,May,15.9,6.5,1.0,50.1,144.9
1025,1938,Jun,20.3,10.8,0.0,24.3,190.6
1026,1938,Jul,21.0,11.7,0.0,30.4,133.5
1027,1938,Aug,21.9,12.6,0.0,91.8,151.3
1028,1938,Sep,19.0,10.1,0.0,54.5,110.9
1029,1938,Oct,14.7,7.1,0.0,72.0,118.1
1030,1938,Nov,12.9,6.9,0.0,80.6,70.0
1031,1938,Dec,7.2,1.5,11.0,73.5,52.4
1032,1939,Jan,7.4,2.3,6.0,113.0,46.4
1033,1939,Feb,9.5,2.8,4.0,26.6,104.9
1034,1939,Mar,9.6,2.8,4.0,40.0,86.2
1035,1939,Apr,14.1,4.9,1.0,76.8,171.7
1036,1939,May,16.3,7.3,0.0,30.1,184.9
1037,1939,Jun,19.5,9.7,0.0,49.9,227.9
1038,1939,Jul,19.8,12.1,0.0,106.2,139.7
1039,1939,Aug,21.5,12.4,0.0,42.6,153.7
1040,1939,Sep,19.3,10.8,0.0,13.8,147.0
1041,1939,Oct,12.5,5.2,0.0,134.0,94.3
1042,1939,Nov,12.3,6.5,0.0,104.3,41.1
1043,1939,Dec,5.6,0.6,11.0,36.3,46.0
1044,1940,Jan,1.9,-4.6,26.0,74.2,83.1
1045,1940,Feb,5.6,0.2,13.0,55.8,22.8
1046,1940,Mar,10.8,2.5,7.0,64.3,128.3
1047,1940,Apr,13.9,5.0,5.0,45.2,118.1
1048,1940,May,18.6,7.8,0.0,38.0,215.4
1049,1940,Jun,22.6,11.1,0.0,15.3,273.4
1050,1940,Jul,20.5,11.1,0.0,61.0,165.1
1051,1940,Aug,22.1,11.1,0.0,1.8,199.5
1052,1940,Sep,19.2,8.6,0.0,24.1,179.5
1053,1940,Oct,13.9,6.0,1.0,67.1,95.5
1054,1940,Nov,10.3,4.3,2.0,175.5,76.8
1055,1940,Dec,6.6,0.8,11.0,32.8,46.5
1056,1941,Jan,3.0,-1.2,17.0,64.4,41.7
1057,1941,Feb,7.3,1.3,11.0,63.9,67.9
1058,1941,Mar,9.4,1.4,10.0,64.5,118.7
1059,1941,Apr,11.2,3.1,3.0,26.3,106.9
1060,1941,May,14.1,5.0,5.0,43.7,141.9
1061,1941,Jun,21.0,10.9,0.0,52.9,210.3
1062,1941,Jul,23.6,13.1,0.0,112.7,227.5
1063,1941,Aug,19.3,11.3,0.0,85.1,163.7
1064,1941,Sep,19.0,10.4,0.0,10.6,123.7
1065,1941,Oct,14.7,6.4,0.0,28.8,120.2
1066,1941,Nov,10.0,4.2,2.0,66.6,47.1
1067,1941,Dec,8.3,2.7,6.0,29.8,46.9
1068,1942,Jan,3.5,-2.0,20.0,87.5,45.1
1069,1942,Feb,2.8,-2.6,25.0,16.8,53.9
1070,1942,Mar,9.4,1.9,9.0,60.3,69.4
1071,1942,Apr,14.3,5.1,0.0,26.0,202.5
1072,1942,May,16.8,6.8,0.0,78.8,209.4
1073,1942,Jun,21.5,9.5,0.0,4.1,234.0
1074,1942,Jul,20.9,11.8,0.0,46.8,150.1
1075,1942,Aug,21.8,12.8,0.0,94.2,132.7
1076,1942,Sep,18.6,10.0,0.0,28.4,124.5
1077,1942,Oct,14.6,7.3,0.0,89.4,84.6
1078,1942,Nov,8.4,1.9,6.0,50.0,57.8
1079,1942,Dec,9.4,4.7,2.0,85.9,51.0
1080,1943,Jan,8.3,2.9,7.0,96.5,54.7
1081,1943,Feb,9.5,2.7,3.0,23.7,79.3
1082,1943,Mar,11.7,2.2,8.0,19.6,132.9
1083,1943,Apr,16.2,6.9,0.0,25.7,166.6
1084,1943,May,18.2,7.7,0.0,57.4,244.1
1085,1943,Jun,20.1,10.3,0.0,43.0,192.9
1086,1943,Jul,23.0,11.9,0.0,25.0,196.7
1087,1943,Aug,21.8,12.4,0.0,56.9,178.3
1088,1943,Sep,18.8,9.2,0.0,44.0,142.5
1089,1943,Oct,15.0,6.8,0.0,62.0,84.9
1090,1943,Nov,9.6,3.1,5.0,35.1,72.3
1091,1943,Dec,6.3,0.7,12.0,26.0,49.5
1092,1944,Jan,9.2,3.0,6.0,36.3,41.2
1093,1944,Feb,6.4,0.9,10.0,23.2,62.4
1094,1944,Mar,10.3,1.2,10.0,6.5,142.7
1095,1944,Apr,15.8,6.1,0.0,36.2,147.0
1096,1944,May,18.3,6.5,1.0,18.1,235.6
1097,1944,Jun,19.0,9.6,0.0,52.2,170.3
1098,1944,Jul,21.5,13.1,0.0,56.2,97.5
1099,1944,Aug,23.2,13.0,0.0,49.0,185.2
1100,1944,Sep,17.9,8.6,0.0,64.8,143.8
1101,1944,Oct,13.2,6.6,0.0,85.6,102.0
1102,1944,Nov,9.8,3.6,4.0,91.0,49.3
1103,1944,Dec,6.0,0.8,11.0,40.5,64.1
1104,1945,Jan,3.2,-2.0,22.0,49.9,51.5
1105,1945,Feb,10.9,4.7,0.0,46.8,65.7
1106,1945,Mar,13.1,3.9,3.0,20.4,152.6
1107,1945,Apr,16.1,5.6,2.0,32.6,209.1
1108,1945,May,18.0,8.2,2.0,54.0,156.1
1109,1945,Jun,19.7,10.8,0.0,66.2,182.4
1110,1945,Jul,22.1,12.8,0.0,52.0,159.0
1111,1945,Aug,21.3,11.7,0.0,37.2,144.8
1112,1945,Sep,18.6,11.5,0.0,47.5,64.9
1113,1945,Oct,16.5,8.0,0.0,69.4,111.7
1114,1945,Nov,10.0,4.4,4.0,4.8,31.0
1115,1945,Dec,8.1,2.5,4.0,88.9,46.6
1116,1946,Jan,5.9,0.1,16.0,35.2,49.9
1117,1946,Feb,9.4,4.0,3.0,56.1,78.7
1118,1946,Mar,9.6,1.3,9.0,24.4,107.2
1119,1946,Apr,16.1,5.0,0.0,34.4,203.3
1120,1946,May,15.7,6.2,0.0,78.6,162.9
1121,1946,Jun,18.1,9.5,0.0,58.3,149.8
1122,1946,Jul,22.3,12.7,0.0,32.2,197.6
1123,1946,Aug,20.1,11.4,0.0,92.2,134.8
1124,1946,Sep,18.4,11.0,0.0,85.4,98.5
1125,1946,Oct,13.7,7.1,3.0,20.2,79.3
1126,1946,Nov,11.2,5.7,1.0,114.1,42.9
1127,1946,Dec,6.2,-0.1,13.0,53.8,74.7
1128,1947,Jan,4.9,-0.6,15.0,35.2,59.5
1129,1947,Feb,-0.2,-4.4,26.0,42.5,26.3
1130,1947,Mar,7.7,1.3,14.0,132.9,70.9
1131,1947,Apr,13.8,5.2,0.0,47.0,150.5
1132,1947,May,19.2,9.0,0.0,47.9,147.3
1133,1947,Jun,21.5,11.4,0.0,27.4,185.9
1134,1947,Jul,22.6,13.6,0.0,43.2,144.5
1135,1947,Aug,25.8,13.1,0.0,15.0,274.9
1136,1947,Sep,20.7,11.1,0.0,29.3,159.9
1137,1947,Oct,15.8,5.6,2.0,10.5,107.3
1138,1947,Nov,10.9,4.6,8.0,32.2,75.4
1139,1947,Dec,8.1,2.8,6.0,44.9,37.9
1140,1948,Jan,9.1,3.2,4.0,127.3,45.7
1141,1948,Feb,7.9,2.2,11.0,22.6,92.9
1142,1948,Mar,14.0,3.5,4.0,18.5,160.2
1143,1948,Apr,14.8,4.4,2.0,42.6,205.2
1144,1948,May,17.5,6.5,0.0,126.0,237.1
1145,1948,Jun,18.5,9.9,0.0,53.7,124.2
1146,1948,Jul,21.1,12.1,0.0,21.7,174.7
1147,1948,Aug,20.1,11.9,0.0,87.3,133.7
1148,1948,Sep,19.1,10.7,0.0,63.1,146.4
1149,1948,Oct,14.3,6.4,3.0,59.3,93.7
1150,1948,Nov,10.5,4.2,7.0,38.3,68.6
1151,1948,Dec,9.1,3.4,5.0,68.7,65.4
1152,1949,Jan,8.6,3.1,5.0,23.4,51.0
1153,1949,Feb,10.3,1.6,8.0,25.8,115.1
1154,1949,Mar,9.0,1.7,9.0,43.2,112.5
1155,1949,Apr,15.5,6.1,1.0,33.4,182.5
1156,1949,May,16.7,6.6,0.0,61.4,233.3
1157,1949,Jun,21.6,10.3,0.0,11.7,242.1
1158,1949,Jul,24.7,12.8,0.0,23.0,262.5
1159,1949,Aug,22.9,12.6,0.0,37.7,210.3
1160,1949,Sep,22.0,12.5,0.0,58.3,151.1
1161,1949,Oct,16.3,8.4,2.0,161.8,125.0
1162,1949,Nov,9.9,3.4,5.0,64.2,76.2
1163,1949,Dec,9.1,3.3,4.0,34.6,65.4
1164,1950,Jan,6.9,1.5,12.0,14.2,40.6
1165,1950,Feb,9.5,2.8,5.0,103.9,67.5
1166,1950,Mar,12.2,3.6,3.0,22.3,138.8
1167,1950,Apr,12.5,4.2,2.0,54.4,163.7
1168,1950,May,16.0,7.1,0.0,55.5,174.1
1169,1950,Jun,22.1,11.8,0.0,39.1,244.5
1170,1950,Jul,20.8,12.5,0.0,135.5,174.0
1171,1950,Aug,20.8,12.2,0.0,77.6,171.1
1172,1950,Sep,17.3,10.0,0.0,73.0,112.7
1173,1950,Oct,13.4,6.6,3.0,12.9,96.6
1174,1950,Nov,8.7,4.0,3.0,112.3,56.9
1175,1950,Dec,3.7,-0.7,20.0,33.3,55.3
1176,1951,Jan,7.1,2.0,8.0,78.0,48.9
1177,1951,Feb,6.9,1.4,4.0,87.5,58.6
1178,1951,Mar,8.0,1.6,9.0,90.2,92.6
1179,1951,Apr,12.0,2.9,1.0,64.8,200.4
1180,1951,May,14.5,6.5,0.0,53.4,152.1
1181,1951,Jun,19.7,9.4,0.0,35.9,251.9
1182,1951,Jul,22.3,12.1,0.0,34.2,216.7
1183,1951,Aug,19.9,11.7,0.0,93.7,174.7
1184,1951,Sep,18.8,10.7,0.0,125.1,110.8
1185,1951,Oct,13.8,5.0,4.0,22.9,105.6
1186,1951,Nov,11.7,6.2,1.0,132.1,75.1
1187,1951,Dec,9.0,3.0,5.0,39.8,69.8
1188,1952,Jan,6.0,0.3,13.0,46.4,94.1
1189,1952,Feb,6.9,0.3,13.0,13.3,96.7
1190,1952,Mar,10.5,3.9,4.0,61.1,105.0
1191,1952,Apr,15.2,5.4,2.0,41.2,178.2
1192,1952,May,19.1,9.5,0.0,56.6,207.0
1193,1952,Jun,20.5,10.5,0.0,34.0,217.6
1194,1952,Jul,23.0,12.9,0.0,7.5,194.0
1195,1952,Aug,21.1,12.6,0.0,108.5,180.5
1196,1952,Sep,15.7,7.2,0.0,43.0,140.3
1197,1952,Oct,12.9,5.6,4.0,95.5,105.0
1198,1952,Nov,7.0,1.3,7.0,96.8,72.1
1199,1952,Dec,6.0,-0.6,16.0,55.2,77.7
1200,1953,Jan,5.4,0.8,13.0,21.8,42.5
1201,1953,Feb,7.3,1.1,11.0,40.4,75.9
1202,1953,Mar,10.8,0.3,17.0,17.2,140.7
1203,1953,Apr,12.5,3.5,1.0,53.0,183.3
1204,1953,May,17.9,8.2,0.0,42.8,223.0
1205,1953,Jun,18.7,10.5,0.0,40.5,139.7
1206,1953,Jul,20.4,11.7,0.0,82.1,203.4
1207,1953,Aug,21.7,12.2,0.0,74.1,237.4
1208,1953,Sep,18.6,10.0,0.0,47.3,151.7
1209,1953,Oct,14.0,6.5,0.0,56.0,84.1
1210,1953,Nov,11.3,5.9,0.0,39.7,54.4
1211,1953,Dec,9.5,5.0,0.0,18.0,28.4
1212,1954,Jan,5.6,0.3,16.0,33.0,75.7
1213,1954,Feb,6.5,0.2,10.0,59.7,79.7
1214,1954,Mar,10.1,2.9,4.0,64.4,107.9
1215,1954,Apr,12.8,2.8,5.0,10.1,202.4
1216,1954,May,15.9,7.2,0.0,53.3,145.9
1217,1954,Jun,17.9,10.3,0.0,92.3,157.1
1218,1954,Jul,18.6,11.3,0.0,55.8,157.1
1219,1954,Aug,19.2,11.3,0.0,80.1,123.5
1220,1954,Sep,17.6,9.4,0.0,66.3,168.8
1221,1954,Oct,15.8,9.3,1.0,54.9,94.5
1222,1954,Nov,10.9,3.8,5.0,112.2,60.1
1223,1954,Dec,9.6,4.4,3.0,51.4,54.5
1224,1955,Jan,5.4,0.3,13.0,62.7,40.1
1225,1955,Feb,4.5,-1.1,18.0,36.3,86.3
1226,1955,Mar,7.5,-0.4,19.0,36.5,161.4
1227,1955,Apr,14.6,5.6,0.0,16.6,173.7
1228,1955,May,14.6,6.0,0.0,113.5,217.5
1229,1955,Jun,19.3,10.1,0.0,107.4,155.3
1230,1955,Jul,23.7,12.6,0.0,7.4,268.3
1231,1955,Aug,24.3,13.6,0.0,11.5,188.0
1232,1955,Sep,19.4,10.0,0.0,38.3,153.1
1233,1955,Oct,13.9,5.4,4.0,40.1,119.7
1234,1955,Nov,10.4,3.7,6.0,35.4,71.5
1235,1955,Dec,9.4,2.2,6.0,79.1,47.3
1236,1956,Jan,6.7,1.0,13.0,99.5,50.3
1237,1956,Feb,2.5,-3.5,21.0,11.4,78.9
1238,1956,Mar,10.8,2.2,8.0,17.3,149.7
1239,1956,Apr,12.2,2.6,2.0,48.1,158.7
1240,1956,May,18.2,7.1,0.0,8.5,246.6
1241,1956,Jun,17.9,9.6,0.0,62.7,145.0
1242,1956,Jul,20.9,12.5,0.0,62.0,168.0
1243,1956,Aug,18.4,10.6,0.0,114.9,161.4
1244,1956,Sep,18.4,11.1,0.0,60.0,94.3
1245,1956,Oct,13.6,5.8,0.0,45.9,116.5
1246,1956,Nov,9.1,2.9,4.0,19.7,77.9
1247,1956,Dec,8.2,3.5,10.0,80.7,18.2
1248,1957,Jan,8.6,3.0,4.0,41.0,50.8
1249,1957,Feb,9.1,3.2,6.0,71.7,83.1
1250,1957,Mar,13.6,5.9,1.0,43.1,110.2
1251,1957,Apr,13.5,5.1,1.0,9.9,168.0
1252,1957,May,15.4,6.2,0.0,42.4,205.6
1253,1957,Jun,22.2,10.1,0.0,55.7,297.1
1254,1957,Jul,21.5,13.4,0.0,85.4,157.9
1255,1957,Aug,20.4,12.1,0.0,95.9,170.5
1256,1957,Sep,16.9,9.7,0.0,101.5,102.6
1257,1957,Oct,15.4,7.6,0.0,52.6,92.9
1258,1957,Nov,8.8,3.7,3.0,50.5,76.4
1259,1957,Dec,7.4,1.6,10.0,64.4,62.3
1260,1958,Jan,6.6,1.0,11.0,90.2,54.6
1261,1958,Feb,9.0,2.3,8.0,65.4,55.4
1262,1958,Mar,7.8,0.9,14.0,34.6,110.7
1263,1958,Apr,12.1,3.6,6.0,27.5,145.2
1264,1958,May,16.4,7.9,0.0,54.4,196.0
1265,1958,Jun,19.1,10.7,0.0,84.2,145.7
1266,1958,Jul,20.8,12.3,0.0,63.6,188.1
1267,1958,Aug,20.2,12.7,0.0,67.3,119.6
1268,1958,Sep,19.3,11.8,0.0,80.3,118.0
1269,1958,Oct,14.4,8.1,0.0,72.5,93.7
1270,1958,Nov,9.3,4.2,1.0,76.7,51.8
1271,1958,Dec,7.4,2.7,4.0,83.5,29.5
1272,1959,Jan,4.9,-0.6,20.0,94.1,85.8
1273,1959,Feb,7.1,1.3,12.0,2.2,65.5
1274,1959,Mar,11.4,4.1,0.0,86.6,102.0
1275,1959,Apr,14.2,6.3,0.0,52.2,153.8
1276,1959,May,18.3,7.7,0.0,25.8,228.0
1277,1959,Jun,21.0,10.9,0.0,25.2,226.3
1278,1959,Jul,23.9,12.8,0.0,64.9,272.7
1279,1959,Aug,23.3,13.0,0.0,44.0,245.6
1280,1959,Sep,21.8,9.4,0.0,5.4,213.9
1281,1959,Oct,17.3,7.8,0.0,49.1,144.2
1282,1959,Nov,10.6,3.7,7.0,44.9,70.6
1283,1959,Dec,9.2,3.4,2.0,124.0,45.0
1284,1960,Jan,6.5,1.6,12.0,82.3,37.8
1285,1960,Feb,7.5,1.9,6.0,50.6,82.3
1286,1960,Mar,9.8,3.9,1.0,24.9,78.0
1287,1960,Apr,14.0,4.8,3.0,16.9,164.9
1288,1960,May,17.8,8.8,0.0,61.4,182.3
1289,1960,Jun,21.8,11.9,0.0,111.0,274.9
1290,1960,Jul,19.6,11.9,0.0,110.1,129.7
1291,1960,Aug,20.0,11.4,0.0,50.5,147.1
1292,1960,Sep,17.8,9.8,0.0,104.8,122.8
1293,1960,Oct,13.8,7.9,0.0,138.6,60.9
1294,1960,Nov,10.8,4.7,1.0,106.1,73.4
1295,1960,Dec,6.6,2.2,2.0,107.5,54.5
1296,1961,Jan,6.6,1.8,5.0,86.1,43.6
1297,1961,Feb,10.3,4.9,0.0,53.4,65.1
1298,1961,Mar,13.6,3.7,3.0,4.5,173.2
1299,1961,Apr,14.4,7.0,0.0,75.9,86.9
1300,1961,May,16.3,7.2,0.0,28.0,225.2
1301,1961,Jun,20.9,10.2,0.0,33.9,231.2
1302,1961,Jul,21.1,11.9,0.0,54.3,196.5
1303,1961,Aug,21.1,12.0,0.0,59.1,185.7
1304,1961,Sep,20.4,11.5,0.0,56.9,135.8
1305,1961,Oct,15.0,7.5,1.0,67.7,118.2
1306,1961,Nov,9.2,3.1,6.0,36.9,63.4
1307,1961,Dec,5.3,-0.3,18.0,97.8,76.5
1308,1962,Jan,7.5,1.6,6.0,94.7,70.0
1309,1962,Feb,7.5,1.6,7.0,10.3,70.6
1310,1962,Mar,7.3,-0.7,17.0,32.4,126.3
1311,1962,Apr,12.0,4.5,0.0,50.7,143.3
1312,1962,May,14.8,7.0,0.0,38.6,177.5
1313,1962,Jun,19.8,9.3,0.0,5.5,280.3
1314,1962,Jul,20.2,11.8,0.0,54.6,137.3
1315,1962,Aug,19.4,11.6,0.0,96.1,154.5
1316,1962,Sep,17.0,9.5,0.0,115.0,142.3
1317,1962,Oct,14.8,6.8,1.0,29.6,108.8
1318,1962,Nov,8.3,2.8,7.0,55.1,32.7
1319,1962,Dec,4.2,-1.6,17.0,50.4,72.6
1320,1963,Jan,-0.2,-5.8,28.0,27.9,58.9
1321,1963,Feb,1.7,-3.1,25.0,10.4,66.4
1322,1963,Mar,9.8,3.1,5.0,75.9,85.8
1323,1963,Apr,13.2,5.7,0.0,50.4,119.1
1324,1963,May,15.6,6.9,0.0,43.6,193.4
1325,1963,Jun,19.9,11.0,0.0,65.9,199.4
1326,1963,Jul,20.4,11.4,0.0,48.0,188.2
1327,1963,Aug,18.7,11.2,0.0,81.4,142.6
1328,1963,Sep,17.6,9.7,0.0,58.0,129.7
1329,1963,Oct,14.8,8.4,0.0,44.4,78.8
1330,1963,Nov,11.4,6.3,0.0,115.4,60.4
1331,1963,Dec,4.9,0.0,16.0,18.6,49.8
1332,1964,Jan,5.6,1.1,9.0,13.0,37.2
1333,1964,Feb,7.4,2.5,7.0,22.2,57.3
1334,1964,Mar,7.2,2.1,7.0,92.6,65.9
1335,1964,Apr,12.7,5.6,1.0,59.5,128.5
1336,1964,May,18.6,9.3,0.0,44.4,190.8
1337,1964,Jun,18.6,10.7,0.0,49.3,156.1
1338,1964,Jul,22.0,12.7,0.0,21.2,214.7
1339,1964,Aug,21.7,11.8,0.0,14.6,217.7
1340,1964,Sep,20.6,9.6,0.0,15.5,210.4
1341,1964,Oct,13.3,4.9,2.0,17.5,134.5
1342,1964,Nov,10.5,5.0,1.0,25.0,55.0
1343,1964,Dec,6.8,0.7,13.0,43.7,51.1
1344,1965,Jan,6.4,1.2,14.0,56.0,83.7
1345,1965,Feb,5.6,0.5,13.0,5.8,31.1
1346,1965,Mar,10.1,1.8,10.0,44.2,137.7
1347,1965,Apr,13.1,4.5,2.0,49.4,141.6
1348,1965,May,16.3,8.4,0.0,63.8,179.6
1349,1965,Jun,19.1,10.8,0.0,53.4,188.7
1350,1965,Jul,18.5,11.0,0.0,90.0,122.8
1351,1965,Aug,20.1,11.0,0.0,61.7,181.2
1352,1965,Sep,16.9,9.1,0.0,75.4,122.9
1353,1965,Oct,15.2,7.0,0.0,12.0,109.9
1354,1965,Nov,8.0,1.9,11.0,51.2,77.4
1355,1965,Dec,8.1,2.4,5.0,95.5,71.9
1356,1966,Jan,5.0,0.8,15.0,30.8,42.5
1357,1966,Feb,9.0,4.6,1.0,74.9,41.5
1358,1966,Mar,10.7,3.2,3.0,9.9,121.5
1359,1966,Apr,11.1,5.0,3.0,81.7,81.5
1360,1966,May,16.3,7.2,0.0,54.0,234.9
1361,1966,Jun,20.8,11.3,0.0,56.6,199.0
1362,1966,Jul,19.8,11.7,0.0,80.9,149.7
1363,1966,Aug,19.9,11.1,0.0,78.8,188.6
1364,1966,Sep,18.5,10.3,0.0,52.5,168.0
1365,1966,Oct,14.2,7.9,0.0,122.7,90.4
1366,1966,Nov,8.3,2.9,4.0,28.0,61.0
1367,1966,Dec,9.1,3.0,2.0,80.4,41.7
1368,1967,Jan,7.2,2.6,8.0,35.5,64.2
1369,1967,Feb,8.9,2.9,5.0,64.3,88.2
1370,1967,Mar,11.1,4.2,1.0,30.7,174.6
1371,1967,Apr,12.0,4.7,1.0,40.4,130.8
1372,1967,May,15.6,7.5,0.0,85.6,184.2
1373,1967,Jun,19.5,9.9,0.0,49.3,232.0
1374,1967,Jul,22.7,13.1,0.0,76.6,234.4
1375,1967,Aug,20.7,12.3,0.0,44.0,167.1
1376,1967,Sep,17.7,10.9,0.0,59.4,116.5
1377,1967,Oct,14.2,8.8,0.0,121.7,95.1
1378,1967,Nov,8.9,3.0,5.0,29.2,69.2
1379,1967,Dec,7.1,2.0,12.0,63.3,70.6
1380,1968,Jan,7.3,2.0,8.0,57.9,50.0
1381,1968,Feb,4.7,-0.1,16.0,26.8,54.0
1382,1968,Mar,10.8,3.6,5.0,19.5,148.5
1383,1968,Apr,13.0,4.4,6.0,46.1,184.5
1384,1968,May,14.5,6.7,0.0,66.2,155.0
1385,1968,Jun,19.9,11.4,0.0,69.2,206.6
1386,1968,Jul,19.7,12.0,0.0,141.6,136.2
1387,1968,Aug,19.4,12.3,0.0,91.7,124.0
1388,1968,Sep,18.0,11.1,0.0,108.3,114.9
1389,1968,Oct,15.8,10.6,0.0,67.7,66.5
1390,1968,Nov,8.9,4.6,3.0,54.5,47.9
1391,1968,Dec,5.1,1.1,11.0,63.6,35.9
1392,1969,Jan,8.6,3.6,6.0,74.9,40.0
1393,1969,Feb,4.2,-0.9,16.0,39.9,78.1
1394,1969,Mar,7.3,1.1,8.0,48.3,70.5
1395,1969,Apr,13.1,3.7,5.0,37.0,221.3
1396,1969,May,16.4,8.3,0.0,88.8,161.9
1397,1969,Jun,19.9,9.5,0.0,20.7,276.9
1398,1969,Jul,23.2,13.1,0.0,49.0,243.8
1399,1969,Aug,21.3,13.2,0.0,87.9,157.5
1400,1969,Sep,17.7,10.8,0.0,32.8,97.4
1401,1969,Oct,16.7,9.9,0.0,5.0,112.0
1402,1969,Nov,9.0,3.2,5.0,52.0,84.6
1403,1969,Dec,6.0,1.2,9.0,72.9,35.6
1404,1970,Jan,6.6,1.9,10.0,66.6,34.5
1405,1970,Feb,6.6,0.6,11.0,49.2,115.9
1406,1970,Mar,7.6,0.6,12.0,45.8,120.8
1407,1970,Apr,11.3,3.8,3.0,75.9,132.7
1408,1970,May,18.8,8.7,0.0,22.9,224.8
1409,1970,Jun,22.4,11.6,0.0,43.0,270.9
1410,1970,Jul,20.4,11.9,0.0,42.3,192.4
1411,1970,Aug,21.0,12.2,0.0,51.9,185.6
1412,1970,Sep,19.4,11.2,0.0,40.3,157.3
1413,1970,Oct,15.0,7.4,0.0,19.5,106.2
1414,1970,Nov,11.4,5.6,1.0,150.3,64.7
1415,1970,Dec,6.7,1.8,13.0,33.9,43.8
1416,1971,Jan,7.2,2.5,7.0,105.3,42.1
1417,1971,Feb,7.9,1.5,8.0,22.1,69.5
1418,1971,Mar,8.7,2.2,8.0,42.9,106.0
1419,1971,Apr,12.0,4.3,1.0,44.8,122.9
1420,1971,May,17.3,7.4,0.0,46.3,228.9
1421,1971,Jun,16.7,9.4,0.0,135.8,143.5
1422,1971,Jul,23.2,13.1,0.0,37.3,259.3
1423,1971,Aug,20.3,12.7,0.0,133.2,134.2
1424,1971,Sep,19.5,9.8,0.0,13.4,166.5
1425,1971,Oct,15.8,7.4,0.0,74.2,135.2
1426,1971,Nov,9.8,3.0,7.0,61.3,102.0
1427,1971,Dec,8.7,4.6,3.0,24.0,29.8
1428,1972,Jan,6.4,2.0,6.0,60.5,41.8
1429,1972,Feb,7.0,2.5,1.0,50.8,27.3
1430,1972,Mar,11.8,2.8,4.0,63.2,144.0
1431,1972,Apr,12.2,5.4,0.0,45.8,117.6
1432,1972,May,15.1,7.4,0.0,49.8,141.9
1433,1972,Jun,16.6,8.8,0.0,55.8,150.4
1434,1972,Jul,21.0,11.8,0.0,23.3,168.7
1435,1972,Aug,20.7,11.6,0.0,29.8,160.9
1436,1972,Sep,16.5,8.3,0.0,31.0,129.1
1437,1972,Oct,14.8,7.4,0.0,25.9,91.6
1438,1972,Nov,9.5,3.8,7.0,65.8,80.6
1439,1972,Dec,8.7,3.5,2.0,74.0,47.6
1440,1973,Jan,6.8,2.1,10.0,24.4,38.8
1441,1973,Feb,7.7,1.3,11.0,15.0,74.1
1442,1973,Mar,11.0,2.1,4.0,10.8,150.7
1443,1973,Apr,12.1,4.2,2.0,42.4,167.7
1444,1973,May,16.2,8.1,0.0,71.2,168.0
1445,1973,Jun,20.9,10.9,0.0,109.3,249.5
1446,1973,Jul,20.8,12.2,0.0,60.0,171.1
1447,1973,Aug,22.5,12.8,0.0,28.8,192.0
1448,1973,Sep,19.7,11.0,0.0,32.7,153.9
1449,1973,Oct,12.8,5.5,1.0,40.8,95.1
1450,1973,Nov,9.8,3.2,10.0,28.3,89.1
1451,1973,Dec,8.3,2.3,8.0,30.9,62.9
1452,1974,Jan,9.3,3.6,3.0,65.0,56.3
1453,1974,Feb,8.7,3.1,4.0,77.7,58.3
1454,1974,Mar,9.3,2.4,6.0,36.7,101.7
1455,1974,Apr,13.0,3.8,0.0,4.2,142.1
1456,1974,May,16.1,6.8,0.0,31.6,191.4
1457,1974,Jun,19.1,10.1,0.0,78.7,206.2
1458,1974,Jul,20.1,12.2,0.0,41.7,187.8
1459,1974,Aug,20.6,11.3,0.0,97.2,198.7
1460,1974,Sep,16.5,9.1,0.0,156.1,146.5
1461,1974,Oct,11.0,4.9,1.0,66.4,105.4
1462,1974,Nov,10.1,5.0,0.0,95.1,52.9
1463,1974,Dec,10.6,5.9,0.0,33.4,58.8
1464,1975,Jan,9.8,4.6,1.0,69.4,44.7
1465,1975,Feb,7.9,1.8,4.0,29.7,57.8
1466,1975,Mar,7.8,2.5,6.0,95.2,72.7
1467,1975,Apr,12.8,5.3,4.0,46.9,131.4
1468,1975,May,14.3,6.4,0.0,49.0,159.1
1469,1975,Jun,21.5,9.4,0.0,18.0,301.0
1470,1975,Jul,23.8,13.4,0.0,34.1,242.4
1471,1975,Aug,25.1,14.1,0.0,30.2,218.6
1472,1975,Sep,18.7,9.9,0.0,95.3,147.0
1473,1975,Oct,14.2,6.5,1.0,11.0,120.7
1474,1975,Nov,9.8,2.5,7.0,37.9,85.1
1475,1975,Dec,7.5,1.7,10.0,21.7,34.4
1476,1976,Jan,8.5,3.4,8.0,18.9,70.3
1477,1976,Feb,7.5,2.3,8.0,18.8,42.6
1478,1976,Mar,9.0,1.7,11.0,16.0,107.8
1479,1976,Apr,12.9,4.1,4.0,8.1,148.7
1480,1976,May,17.8,8.3,0.0,44.2,172.0
1481,1976,Jun,24.4,12.6,0.0,17.1,261.4
1482,1976,Jul,25.9,13.2,0.0,14.3,254.2
1483,1976,Aug,24.4,11.4,0.0,23.9,257.4
1484,1976,Sep,18.1,10.5,0.0,90.7,118.2
1485,1976,Oct,14.1,8.3,0.0,99.5,43.6
1486,1976,Nov,9.2,3.4,5.0,55.9,54.1
1487,1976,Dec,4.6,-0.4,13.0,101.8,58.6
1488,1977,Jan,5.4,0.7,11.0,75.9,35.4
1489,1977,Feb,8.9,3.3,4.0,114.4,74.4
1490,1977,Mar,10.5,4.3,4.0,59.8,87.2
1491,1977,Apr,11.6,3.8,4.0,40.7,157.9
1492,1977,May,15.7,6.1,0.0,43.1,217.5
1493,1977,Jun,16.7,8.5,0.0,86.9,123.2
1494,1977,Jul,21.0,12.0,0.0,5.8,193.6
1495,1977,Aug,19.7,12.2,0.0,129.0,123.4
1496,1977,Sep,17.5,10.4,0.0,7.8,101.8
1497,1977,Oct,15.4,8.3,0.0,32.8,107.3
1498,1977,Nov,9.6,3.8,7.0,46.6,102.4
1499,1977,Dec,8.9,3.9,2.0,67.8,45.2
1500,1978,Jan,6.2,0.7,11.0,68.2,53.6
1501,1978,Feb,5.5,0.4,15.0,45.6,58.9
1502,1978,Mar,10.8,3.3,3.0,52.3,128.1
1503,1978,Apr,10.2,3.3,5.0,45.2,113.6
1504,1978,May,17.0,7.1,0.0,48.5,202.8
1505,1978,Jun,19.1,9.6,0.0,39.9,171.7
1506,1978,Jul,20.0,11.5,0.0,82.4,146.4
1507,1978,Aug,20.2,11.4,0.0,32.6,157.4
1508,1978,Sep,19.1,10.6,0.0,24.4,159.3
1509,1978,Oct,16.2,8.1,0.0,5.4,87.5
1510,1978,Nov,11.6,5.5,5.0,22.8,77.3
1511,1978,Dec,7.1,2.2,12.0,109.5,34.3
1512,1979,Jan,3.2,-3.1,23.0,56.8,72.0
1513,1979,Feb,3.8,-0.9,18.0,56.2,67.3
1514,1979,Mar,8.4,2.1,2.0,110.3,92.9
1515,1979,Apr,12.3,4.8,3.0,38.9,126.4
1516,1979,May,15.2,6.8,2.0,124.8,190.9
1517,1979,Jun,19.0,10.7,0.0,43.6,166.6
1518,1979,Jul,22.5,13.0,0.0,16.6,192.2
1519,1979,Aug,20.3,11.7,0.0,60.8,167.4
1520,1979,Sep,18.6,9.6,0.0,17.0,171.0
1521,1979,Oct,15.5,8.0,0.0,59.8,117.0
1522,1979,Nov,10.5,3.9,4.0,39.4,70.0
1523,1979,Dec,8.9,3.8,3.0,127.7,59.7
1524,1980,Jan,5.3,-0.3,15.0,36.7,84.0
1525,1980,Feb,9.5,3.2,5.0,39.8,58.8
1526,1980,Mar,8.5,2.3,7.0,69.8,86.7
1527,1980,Apr,13.7,4.9,0.0,14.1,165.4
1528,1980,May,16.6,6.3,1.0,35.5,228.7
1529,1980,Jun,19.0,10.7,0.0,89.4,186.7
1530,1980,Jul,19.7,11.2,0.0,59.5,168.9
1531,1980,Aug,21.2,12.8,0.0,63.6,169.0
1532,1980,Sep,19.2,12.2,0.0,65.6,136.4
1533,1980,Oct,13.0,6.0,0.0,84.9,111.8
1534,1980,Nov,9.1,4.4,3.0,42.5,61.4
1535,1980,Dec,8.5,2.9,7.0,32.9,64.4
1536,1981,Jan,7.3,2.4,8.0,39.2,50.9
1537,1981,Feb,6.2,0.2,15.0,20.9,75.3
1538,1981,Mar,11.1,6.4,0.0,129.7,57.8
1539,1981,Apr,12.0,4.4,2.0,43.9,110.4
1540,1981,May,15.7,8.2,0.0,87.7,98.3
1541,1981,Jun,18.1,10.4,0.0,26.1,122.8
1542,1981,Jul,21.3,12.3,0.0,34.0,129.0
1543,1981,Aug,22.2,12.7,0.0,38.8,199.8
1544,1981,Sep,19.8,11.0,0.0,92.5,157.3
1545,1981,Oct,12.3,5.7,1.0,64.7,101.9
1546,1981,Nov,10.8,4.9,2.0,31.4,43.7
1547,1981,Dec,3.6,-2.0,18.0,74.0,57.5
1548,1982,Jan,5.5,-0.1,13.0,57.2,55.0
1549,1982,Feb,7.9,2.7,5.0,32.0,33.8
1550,1982,Mar,10.3,2.9,2.0,96.2,144.7
1551,1982,Apr,13.8,4.9,0.0,27.4,164.4
1552,1982,May,17.5,7.2,1.0,35.9,187.2
1553,1982,Jun,21.3,12.7,0.0,69.4,148.4
1554,1982,Jul,22.0,12.8,0.0,23.5,151.4
1555,1982,Aug,21.2,12.9,0.0,37.9,159.8
1556,1982,Sep,20.1,10.6,0.0,51.9,141.0
1557,1982,Oct,13.6,7.8,0.0,83.4,66.3
1558,1982,Nov,10.8,6.1,4.0,77.3,68.5
1559,1982,Dec,7.7,1.9,9.0,62.4,60.4
1560,1983,Jan,9.8,4.7,2.0,45.7,54.9
1561,1983,Feb,4.8,-0.7,17.0,23.8,74.0
1562,1983,Mar,10.3,3.3,4.0,42.5,89.5
1563,1983,Apr,11.8,3.7,2.0,89.5,150.5
1564,1983,May,14.8,7.8,0.0,106.3,126.8
1565,1983,Jun,19.6,11.0,0.0,19.4,180.3
1566,1983,Jul,26.8,15.4,0.0,21.7,257.5
1567,1983,Aug,23.5,13.3,0.0,24.0,214.5
1568,1983,Sep,18.0,11.1,0.0,59.4,92.4
1569,1983,Oct,14.3,7.7,1.0,53.0,119.7
1570,1983,Nov,10.4,5.2,6.0,42.6,44.3
1571,1983,Dec,8.7,3.2,8.0,49.8,62.9
1572,1984,Jan,7.5,1.5,7.0,81.5,86.1
1573,1984,Feb,6.4,1.0,7.0,35.4,66.0
1574,1984,Mar,8.2,2.4,1.0,50.3,48.8
1575,1984,Apr,13.9,3.4,5.0,1.6,236.8
1576,1984,May,14.5,6.0,0.0,72.0,143.4
1577,1984,Jun,20.8,10.8,0.0,30.0,244.3
1578,1984,Jul,23.9,12.2,0.0,13.6,249.4
1579,1984,Aug,23.6,13.6,0.0,32.7,199.8
1580,1984,Sep,17.9,11.2,0.0,91.1,99.6
1581,1984,Oct,15.0,8.6,1.0,54.4,88.6
1582,1984,Nov,11.3,6.0,0.0,101.6,53.8
1583,1984,Dec,8.3,2.7,8.0,44.5,57.6
1584,1985,Jan,3.9,-1.9,22.0,44.4,51.1
1585,1985,Feb,5.5,-0.8,15.0,34.7,78.0
1586,1985,Mar,8.9,1.4,10.0,36.7,112.4
1587,1985,Apr,13.1,5.1,3.0,32.7,138.3
1588,1985,May,15.7,7.3,0.0,80.5,178.3
1589,1985,Jun,17.5,9.0,0.0,122.5,165.0
1590,1985,Jul,21.6,12.7,0.0,45.8,216.0
1591,1985,Aug,19.0,12.1,0.0,67.0,164.9
1592,1985,Sep,19.4,11.2,0.0,19.4,143.3
1593,1985,Oct,14.5,7.9,0.0,29.1,100.8
1594,1985,Nov,7.4,1.7,10.0,41.1,86.1
1595,1985,Dec,9.4,5.1,5.0,108.1,44.2
1596,1986,Jan,6.7,1.1,9.0,67.3,76.4
1597,1986,Feb,1.0,-4.1,24.0,7.3,71.2
1598,1986,Mar,9.2,2.1,4.0,58.0,127.3
1599,1986,Apr,10.2,3.1,2.0,70.4,139.6
1600,1986,May,15.7,8.0,0.0,70.7,205.6
1601,1986,Jun,20.6,10.5,0.0,22.3,222.7
1602,1986,Jul,21.5,12.8,0.0,37.1,201.2
1603,1986,Aug,18.4,11.0,0.0,114.3,147.0
1604,1986,Sep,16.6,7.5,0.0,39.0,171.6
1605,1986,Oct,15.3,7.8,0.0,75.1,119.7
1606,1986,Nov,11.4,5.4,0.0,78.4,77.9
1607,1986,Dec,9.2,3.8,1.0,64.2,64.8
1608,1987,Jan,3.0,-1.4,20.0,9.9,68.8
1609,1987,Feb,7.1,1.0,13.0,34.0,67.8
1610,1987,Mar,8.2,1.5,13.0,53.9,111.6
1611,1987,Apr,15.2,6.6,0.0,51.4,158.7
1612,1987,May,15.2,6.5,0.0,48.7,168.7
1613,1987,Jun,17.8,10.4,0.0,86.0,129.3
1614,1987,Jul,21.2,12.7,0.0,29.3,179.4
1615,1987,Aug,21.0,12.5,0.0,34.0,158.2
1616,1987,Sep,18.6,10.9,0.0,25.4,132.3
1617,1987,Oct,14.0,6.7,1.0,138.8,109.5
1618,1987,Nov,9.0,4.3,2.0,58.2,43.9
1619,1987,Dec,8.0,3.7,7.0,26.0,42.9
1620,1988,Jan,8.1,3.3,4.0,100.0,47.7
1621,1988,Feb,8.1,2.3,5.0,33.8,103.7
1622,1988,Mar,10.2,3.8,4.0,59.1,85.2
1623,1988,Apr,12.6,4.6,3.0,30.2,132.0
1624,1988,May,17.1,7.8,0.0,32.0,178.1
1625,1988,Jun,18.7,10.3,0.0,59.6,142.3
1626,1988,Jul,18.9,11.6,0.0,96.5,138.8
1627,1988,Aug,20.4,11.9,0.0,38.8,178.8
1628,1988,Sep,17.9,10.4,0.0,39.6,136.9
1629,1988,Oct,14.5,8.0,2.0,38.6,120.0
1630,1988,Nov,9.1,1.6,15.0,29.5,91.4
1631,1988,Dec,10.1,5.4,0.0,13.4,46.7
1632,1989,Jan,9.1,3.6,5.0,33.4,68.2
1633,1989,Feb,9.9,3.0,4.0,55.1,107.0
1634,1989,Mar,12.0,4.6,1.0,47.0,100.9
1635,1989,Apr,11.0,3.6,1.0,63.8,133.9
1636,1989,May,19.7,8.6,0.0,29.2,300.8
1637,1989,Jun,20.8,10.5,0.0,45.9,244.4
1638,1989,Jul,24.9,14.0,0.0,29.4,280.4
1639,1989,Aug,23.4,12.4,0.0,43.3,269.5
1640,1989,Sep,19.9,11.9,0.0,23.8,141.6
1641,1989,Oct,15.9,8.9,0.0,53.9,90.8
1642,1989,Nov,9.8,3.2,7.0,32.5,104.1
1643,1989,Dec,8.2,3.3,4.0,141.5,26.5
1644,1990,Jan,10.0,4.5,1.0,75.0,58.3
1645,1990,Feb,11.3,5.3,0.0,94.2,95.7
1646,1990,Mar,12.7,5.0,2.0,18.4,144.1
1647,1990,Apr,13.7,3.3,5.0,20.4,234.4
1648,1990,May,19.2,7.8,0.0,8.7,285.0
1649,1990,Jun,18.2,10.7,0.0,48.8,121.1
1650,1990,Jul,23.8,12.2,0.0,17.7,268.5
1651,1990,Aug,24.7,14.0,0.0,26.5,236.6
1652,1990,Sep,18.7,9.4,0.0,41.1,164.7
1653,1990,Oct,15.8,9.3,0.0,45.9,124.4
1654,1990,Nov,9.8,4.3,1.0,20.0,83.7
1655,1990,Dec,6.9,1.7,10.0,56.3,58.8
1656,1991,Jan,6.4,1.2,8.0,60.9,66.9
1657,1991,Feb,4.7,-1.6,18.0,20.5,60.0
1658,1991,Mar,11.5,5.1,2.0,46.1,87.2
1659,1991,Apr,12.2,4.6,1.0,56.3,156.6
1660,1991,May,15.3,7.4,0.0,8.6,142.9
1661,1991,Jun,16.8,9.0,0.0,74.8,150.0
1662,1991,Jul,22.2,13.7,0.0,92.8,217.3
1663,1991,Aug,23.2,13.3,0.0,11.6,241.4
1664,1991,Sep,20.2,10.6,0.0,42.9,165.4
1665,1991,Oct,13.4,7.3,0.0,34.2,79.4
1666,1991,Nov,9.9,4.5,2.0,62.2,57.4
1667,1991,Dec,7.0,1.6,11.0,15.9,58.4
1668,1992,Jan,5.9,1.5,12.0,30.4,46.8
1669,1992,Feb,8.9,2.1,8.0,22.0,67.3
1670,1992,Mar,11.0,4.8,1.0,47.7,73.3
1671,1992,Apr,13.2,5.6,2.0,57.7,139.2
1672,1992,May,19.7,9.1,0.0,62.2,262.7
1673,1992,Jun,21.4,11.7,0.0,43.4,212.2
1674,1992,Jul,21.1,13.5,0.0,70.1,164.0
1675,1992,Aug,20.3,12.8,0.0,108.9,173.6
1676,1992,Sep,17.6,10.8,0.0,106.9,120.2
1677,1992,Oct,11.2,5.2,2.0,75.7,101.3
1678,1992,Nov,10.9,4.7,0.0,119.9,61.5
1679,1992,Dec,6.4,1.3,11.0,50.7,47.2
1680,1993,Jan,9.6,3.5,5.0,82.4,38.0
1681,1993,Feb,7.1,2.4,4.0,7.1,54.7
1682,1993,Mar,11.0,3.9,3.0,32.7,135.0
1683,1993,Apr,13.2,6.6,0.0,69.2,111.9
1684,1993,May,16.6,8.0,0.0,56.6,196.7
1685,1993,Jun,20.7,11.5,0.0,40.1,231.4
1686,1993,Jul,20.8,12.3,0.0,51.3,190.0
1687,1993,Aug,20.5,11.1,0.0,26.7,238.3
1688,1993,Sep,16.7,9.3,0.0,96.1,107.7
1689,1993,Oct,11.9,6.0,3.0,112.4,120.0
1690,1993,Nov,8.0,2.6,8.0,51.0,76.3
1691,1993,Dec,8.7,3.4,4.0,98.0,55.0
1692,1994,Jan,8.5,3.3,2.0,82.2,87.0
1693,1994,Feb,6.7,1.3,8.0,62.4,77.6
1694,1994,Mar,11.7,5.3,0.0,41.9,127.6
1695,1994,Apr,12.5,5.1,0.0,52.0,177.7
1696,1994,May,15.3,7.6,0.0,84.5,162.1
1697,1994,Jun,20.6,11.0,0.0,13.5,254.9
1698,1994,Jul,24.8,13.8,0.0,54.2,248.3
1699,1994,Aug,21.1,13.0,0.0,52.5,191.8
1700,1994,Sep,16.6,10.4,0.0,62.6,113.1
1701,1994,Oct,14.1,6.9,0.0,67.4,137.5
1702,1994,Nov,12.7,8.4,0.0,55.7,46.7
1703,1994,Dec,9.6,3.9,5.0,74.6,68.2
1704,1995,Jan,8.5,2.2,7.0,116.3,61.8
1705,1995,Feb,10.4,4.4,1.0,66.0,74.9
1706,1995,Mar,10.5,2.0,6.0,49.3,198.7
1707,1995,Apr,14.3,5.4,3.0,18.9,190.1
1708,1995,May,17.8,7.8,0.0,54.1,233.5
1709,1995,Jun,20.0,10.4,0.0,6.6,194.4
1710,1995,Jul,25.1,13.9,0.0,37.8,247.6
1711,1995,Aug,26.4,13.9,0.0,4.4,285.1
1712,1995,Sep,18.3,10.3,0.0,98.8,135.3
1713,1995,Oct,17.3,10.3,0.0,33.2,139.9
1714,1995,Nov,11.3,5.2,5.0,98.2,78.1
1715,1995,Dec,4.6,0.2,15.0,99.8,40.9
1716,1996,Jan,6.6,3.1,7.0,35.5,29.3
1717,1996,Feb,6.2,-0.1,17.0,60.8,103.4
1718,1996,Mar,8.4,1.8,9.0,27.1,76.4
1719,1996,Apr,13.8,4.8,5.0,49.3,148.3
1720,1996,May,14.1,5.6,1.0,35.7,185.7
1721,1996,Jun,21.2,10.2,0.0,23.7,290.7
1722,1996,Jul,23.3,12.7,0.0,25.5,256.6
1723,1996,Aug,22.4,12.5,0.0,53.1,211.6
1724,1996,Sep,18.4,10.3,0.0,16.1,125.3
1725,1996,Oct,15.8,8.6,0.0,33.0,130.8
1726,1996,Nov,9.6,2.9,10.0,81.6,101.0
1727,1996,Dec,5.5,0.9,13.0,16.2,55.5
1728,1997,Jan,5.1,-0.2,16.0,11.9,51.4
1729,1997,Feb,10.4,4.2,3.0,76.5,64.2
1730,1997,Mar,13.3,5.5,0.0,7.2,150.2
1731,1997,Apr,14.5,4.9,2.0,17.5,189.9
1732,1997,May,17.4,7.4,1.0,61.2,261.4
1733,1997,Jun,18.9,11.3,0.0,66.7,137.1
1734,1997,Jul,22.8,12.9,0.0,25.4,231.7
1735,1997,Aug,24.9,15.7,0.0,104.2,172.0
1736,1997,Sep,19.7,10.7,0.0,18.5,169.7
1737,1997,Oct,14.9,6.6,6.0,57.2,153.8
1738,1997,Nov,11.7,6.1,1.0,94.6,47.1
1739,1997,Dec,9.0,3.6,6.0,58.7,55.7
1740,1998,Jan,8.3,2.9,9.0,60.0,64.0
1741,1998,Feb,11.5,4.1,4.0,8.7,113.0
1742,1998,Mar,11.8,5.4,1.0,57.4,77.5
1743,1998,Apr,11.9,5.1,1.0,107.7,105.8
1744,1998,May,18.7,9.1,0.0,20.9,199.8
1745,1998,Jun,19.1,11.5,0.0,75.9,114.0
1746,1998,Jul,21.0,12.4,0.0,29.5,157.0
1747,1998,Aug,22.4,11.9,0.0,26.8,225.0
1748,1998,Sep,19.6,11.8,0.0,119.4,133.8
1749,1998,Oct,14.4,8.2,0.0,116.4,94.5
1750,1998,Nov,9.3,2.2,7.0,69.9,66.3
1751,1998,Dec,9.4,3.2,8.0,72.7,38.1
1752,1999,Jan,9.0,3.4,4.0,91.9,51.1
1753,1999,Feb,8.6,2.9,5.0,32.9,81.3
1754,1999,Mar,11.6,4.8,1.0,28.8,97.4
1755,1999,Apr,14.3,6.1,2.0,57.6,147.6
1756,1999,May,18.2,9.7,0.0,50.9,153.6
1757,1999,Jun,19.7,10.1,0.0,65.3,202.1
1758,1999,Jul,24.2,13.3,0.0,7.2,235.4
1759,1999,Aug,21.6,12.9,0.0,98.3,159.2
1760,1999,Sep,20.8,12.4,0.0,102.1,155.2
1761,1999,Oct,15.1,7.1,0.0,70.8,144.8
1762,1999,Nov,10.8,5.3,0.0,41.1,81.1
1763,1999,Dec,8.3,1.7,9.0,89.8,60.9
1764,2000,Jan,8.1,2.0,9.0,19.8,82.1
1765,2000,Feb,10.2,3.8,3.0,78.3,104.9
1766,2000,Mar,11.7,4.2,2.0,11.9,112.6
1767,2000,Apr,12.4,4.8,2.0,137.2,143.4
1768,2000,May,17.2,8.6,0.0,67.7,189.8
1769,2000,Jun,20.5,12.2,0.0,19.4,164.6
1770,2000,Jul,20.8,12.3,0.0,28.5,161.2
1771,2000,Aug,22.7,13.3,0.0,58.3,209.4
1772,2000,Sep,19.2,12.1,0.0,87.2,126.1
1773,2000,Oct,14.3,8.2,0.0,119.5,83.9
1774,2000,Nov,10.6,4.8,0.0,99.1,69.2
1775,2000,Dec,8.6,4.2,7.0,99.8,51.9
1776,2001,Jan,6.4,1.2,13.0,57.4,83.3
1777,2001,Feb,8.8,2.0,10.0,68.6,85.0
1778,2001,Mar,9.0,3.1,5.0,75.1,74.1
1779,2001,Apr,12.9,4.8,0.0,72.7,148.2
1780,2001,May,18.5,7.9,0.0,35.5,198.3
1781,2001,Jun,20.7,10.6,0.0,23.1,226.8
1782,2001,Jul,23.4,13.4,0.0,57.2,206.1
1783,2001,Aug,22.7,12.9,0.0,92.0,184.1
1784,2001,Sep,17.9,10.5,0.0,35.0,123.0
1785,2001,Oct,17.0,11.1,0.0,92.4,100.9
1786,2001,Nov,11.2,3.9,5.0,38.5,86.9
1787,2001,Dec,6.8,0.2,17.0,29.5,79.2
1788,2002,Jan,9.2,3.4,5.0,57.4,44.4
1789,2002,Feb,11.1,4.4,3.0,70.9,80.5
1790,2002,Mar,12.4,4.6,3.0,33.0,101.1
1791,2002,Apr,15.2,5.2,0.0,43.0,210.0
1792,2002,May,16.8,8.4,0.0,58.3,177.5
1793,2002,Jun,20.0,10.3,0.0,42.4,163.3
1794,2002,Jul,22.1,12.0,0.0,89.6,178.8
1795,2002,Aug,22.8,12.9,0.0,53.2,166.2
1796,2002,Sep,19.7,10.0,0.0,24.8,167.1
1797,2002,Oct,14.8,7.1,1.0,109.4,104.8
1798,2002,Nov,11.8,6.4,0.0,133.4,52.3
1799,2002,Dec,8.9,4.1,4.0,98.1,41.3
1800,2003,Jan,7.6,1.8,11.0,81.4,87.7
1801,2003,Feb,8.4,0.6,15.0,17.3,94.4
1802,2003,Mar,13.3,2.7,8.0,25.2,154.8
1803,2003,Apr,15.3,4.6,5.0,36.8,169.8
1804,2003,May,17.5,8.1,0.0,48.1,191.2
1805,2003,Jun,22.4,11.8,0.0,55.5,213.6
1806,2003,Jul,23.7,13.4,0.0,53.8,192.0
1807,2003,Aug,25.5,13.5,0.0,3.0,228.4
1808,2003,Sep,21.3,8.1,0.0,17.4,175.3
1809,2003,Oct,14.0,3.9,5.0,31.7,134.8
1810,2003,Nov,12.0,5.7,1.0,89.6,78.9
1811,2003,Dec,8.7,1.8,10.0,70.7,53.6
1812,2004,Jan,8.8,2.7,9.0,66.1,62.7
1813,2004,Feb,8.7,2.9,11.0,25.5,79.1
1814,2004,Mar,10.9,3.4,2.0,51.8,101.5
1815,2004,Apr,14.7,6.2,0.0,68.8,150.3
1816,2004,May,18.0,8.6,0.0,41.1,195.5
1817,2004,Jun,21.8,12.0,0.0,23.8,223.6
1818,2004,Jul,22.0,12.2,0.0,83.1,169.5
1819,2004,Aug,23.4,14.2,0.0,135.0,194.1
1820,2004,Sep,20.1,11.7,0.0,28.9,174.4
1821,2004,Oct,14.7,8.6,0.0,131.4,102.4
1822,2004,Nov,10.9,5.8,1.0,34.2,52.4
1823,2004,Dec,8.6,2.8,6.0,37.7,58.3
1824,2005,Jan,9.4,3.8,2.0,18.2,65.4
1825,2005,Feb,7.3,2.1,10.0,20.0,66.3
1826,2005,Mar,11.2,4.7,6.0,44.5,79.3
1827,2005,Apr,14.3,5.7,1.0,50.2,136.3
1828,2005,May,17.2,7.6,0.0,31.5,226.4
1829,2005,Jun,21.6,12.0,0.0,93.4,177.6
1830,2005,Jul,22.3,13.4,0.0,34.9,192.0
1831,2005,Aug,23.1,12.2,0.0,31.3,235.7
1832,2005,Sep,20.9,11.9,0.0,38.5,155.4
1833,2005,Oct,17.1,10.9,0.0,53.4,92.0
1834,2005,Nov,9.9,3.1,11.0,38.6,88.0
1835,2005,Dec,7.7,1.8,11.0,50.2,55.7
1836,2006,Jan,7.2,2.2,8.0,16.6,54.9
1837,2006,Feb,6.6,0.8,12.0,33.0,73.1
1838,2006,Mar,9.2,2.0,10.0,59.3,95.5
1839,2006,Apr,13.9,5.4,2.0,36.3,152.5
1840,2006,May,17.6,9.0,0.0,104.7,165.7
1841,2006,Jun,23.1,11.7,0.0,5.3,246.2
1842,2006,Jul,27.1,14.9,0.0,87.3,303.7
1843,2006,Aug,21.8,13.1,0.0,58.7,167.2
1844,2006,Sep,22.1,13.5,0.0,90.8,156.5
1845,2006,Oct,17.2,10.6,0.0,118.0,109.0
1846,2006,Nov,12.1,5.1,4.0,86.4,101.2
1847,2006,Dec,9.4,4.3,6.0,68.7,42.7
1848,2007,Jan,10.4,4.8,4.0,73.3,79.8
1849,2007,Feb,9.7,3.7,7.0,81.0,67.6
1850,2007,Mar,12.0,3.7,2.0,36.9,165.4
1851,2007,Apr,17.8,5.6,0.0,1.8,210.7
1852,2007,May,17.5,7.1,0.0,135.2,165.5
1853,2007,Jun,20.5,11.3,0.0,78.8,149.0
1854,2007,Jul,20.6,12.2,0.0,105.5,195.1
1855,2007,Aug,21.7,12.0,0.0,38.2,209.2
1856,2007,Sep,19.2,10.3,0.0,17.7,142.6
1857,2007,Oct,15.1,7.9,0.0,68.9,102.5
1858,2007,Nov,11.3,4.3,4.0,56.0,86.9
1859,2007,Dec,8.3,2.4,11.0,60.6,57.2
1860,2008,Jan,10.3,4.7,0.0,81.6,62.4
1861,2008,Feb,10.5,1.7,11.0,16.9,124.1
1862,2008,Mar,10.6,3.5,2.0,90.3,115.2
1863,2008,Apr,13.1,4.7,3.0,46.9,161.2
1864,2008,May,18.7,9.5,0.0,106.6,173.2
1865,2008,Jun,20.1,11.1,0.0,67.3,223.8
1866,2008,Jul,22.0,12.8,0.0,90.0,198.5
1867,2008,Aug,20.8,13.9,0.0,77.0,141.8
1868,2008,Sep,17.8,10.2,0.0,73.5,113.5
1869,2008,Oct,14.6,5.7,1.0,39.3,132.2
1870,2008,Nov,10.1,4.8,3.0,94.2,67.0
1871,2008,Dec,6.9,1.3,11.0,37.3,73.5
1872,2009,Jan,6.3,0.2,16.0,47.8,69.3
1873,2009,Feb,7.9,2.0,10.0,54.5,64.5
1874,2009,Mar,12.4,3.2,3.0,20.2,161.4
1875,2009,Apr,15.6,6.1,0.0,36.0,168.4
1876,2009,May,18.2,8.3,0.0,44.8,226.1
1877,2009,Jun,22.0,10.7,0.0,49.3,203.3
1878,2009,Jul,22.4,13.1,0.0,72.8,212.3
1879,2009,Aug,22.7,13.3,0.0,46.6,190.6
1880,2009,Sep,20.2,10.6,0.0,9.0,163.7
1881,2009,Oct,16.2,8.4,0.0,44.4,109.7
1882,2009,Nov,12.5,7.0,0.0,105.2,73.5
1883,2009,Dec,6.8,0.8,12.0,89.9,61.5
1884,2010,Jan,4.7,-1.0,17.0,56.4,68.2
1885,2010,Feb,7.1,1.3,7.0,79.8,59.3
1886,2010,Mar,11.3,3.2,8.0,47.6,130.2
1887,2010,Apr,15.8,4.9,0.0,25.5,209.5
1888,2010,May,17.6,7.3,0.0,28.6,207.4
1889,2010,Jun,23.0,11.1,0.0,34.5,230.5
1890,2010,Jul,23.9,14.2,0.0,17.9,181.0
1891,2010,Aug,21.4,12.1,0.0,146.2,141.7
1892,2010,Sep,18.8,10.3,0.0,52.5,123.1
1893,2010,Oct,14.5,7.4,2.0,43.4,123.5
1894,2010,Nov,8.2,2.9,10.0,38.6,53.6
1895,2010,Dec,2.7,-2.2,25.0,32.7,25.8
1896,2011,Jan,7.0,1.9,12.0,58.8,49.3
1897,2011,Feb,10.4,4.4,1.0,49.3,34.2
1898,2011,Mar,12.4,3.2,5.0,9.3,141.5
1899,2011,Apr,19.4,7.3,0.0,0.5,211.4
1900,2011,May,18.9,8.4,0.0,42.5,208.7
1901,2011,Jun,19.3,10.2,0.0,54.1,188.5
1902,2011,Jul,21.4,10.2,0.0,43.1,179.4
1903,2011,Aug,20.7,11.4,0.0,65.6,157.8
1904,2011,Sep,20.7,10.7,0.0,31.8,151.7
1905,2011,Oct,17.2,9.5,0.0,26.3,130.6
1906,2011,Nov,13.5,6.3,1.0,28.4,64.8
1907,2011,Dec,9.3,3.1,4.0,71.2,62.6
1908,2012,Jan,9.8,3.6,6.0,34.6,85.7
1909,2012,Feb,7.3,1.2,12.0,21.3,71.7
1910,2012,Mar,14.0,3.6,2.0,24.3,164.3
1911,2012,Apr,12.6,4.6,2.0,143.0,135.1
1912,2012,May,17.7,9.7,0.0,55.5,185.6
1913,2012,Jun,18.9,11.6,0.0,151.7,128.3
1914,2012,Jul,20.5,12.6,0.0,100.0,178.2
1915,2012,Aug,21.8,13.6,0.0,85.6,168.4
1916,2012,Sep,18.4,9.2,0.0,57.6,173.2
1917,2012,Oct,13.4,7.1,0.0,124.2,85.5
1918,2012,Nov,10.1,4.2,1.0,83.3,74.0
1919,2012,Dec,8.6,2.6,9.0,103.3,61.7
1920,2013,Jan,6.4,1.9,14.0,58.5,47.8
1921,2013,Feb,6.2,0.9,5.0,47.4,72.3
1922,2013,Mar,6.3,0.2,16.0,76.6,60.7
1923,2013,Apr,12.9,3.9,6.0,24.8,177.0
1924,2013,May,15.9,6.7,0.0,66.2,193.6
1925,2013,Jun,19.3,10.2,0.0,17.3,181.3
1926,2013,Jul,25.5,13.9,0.0,45.7,297.3
1927,2013,Aug,23.1,13.1,0.0,19.3,205.9
1928,2013,Sep,19.0,9.9,0.0,40.6,123.1
1929,2013,Oct,16.3,9.9,0.0,86.5,101.8
1930,2013,Nov,9.9,3.8,2.0,55.2,85.7
1931,2013,Dec,10.0,3.6,0.0,97.7,63.6
1932,2014,Jan,9.3,3.5,3.0,146.9,77.7
1933,2014,Feb,9.7,4.2,0.0,90.1,97.4
1934,2014,Mar,12.8,3.5,2.0,39.2,135.6
1935,2014,Apr,15.0,6.4,0.0,50.2,149.5
1936,2014,May,17.1,8.9,0.0,90.3,185.7
1937,2014,Jun,21.5,11.8,0.0,36.9,236.3
1938,2014,Jul,24.9,13.5,0.0,45.5,264.6
1939,2014,Aug,20.8,11.7,0.0,85.6,190.5
1940,2014,Sep,21.1,11.4,0.0,4.1,143.7
1941,2014,Oct,16.8,9.9,0.0,65.6,116.9
1942,2014,Nov,11.5,5.7,2.0,98.6,60.9
1943,2014,Dec,8.7,2.4,9.0,44.0,96.9
1944,2015,Jan,8.4,1.6,10.0,53.6,81.0
1945,2015,Feb,7.5,1.0,10.0,46.2,80.8
1946,2015,Mar,11.4,3.3,1.0,25.6,122.9
1947,2015,Apr,15.9,4.5,0.0,22.5,214.1
1948,2015,May,16.8,7.7,0.0,55.6,183.3
1949,2015,Jun,21.1,10.2,0.0,28.9,242.9
1950,2015,Jul,22.6,12.5,0.0,47.8,201.0
1951,2015,Aug,21.3,13.0,0.0,57.2,135.3
1952,2015,Sep,18.4,8.9,0.0,36.8,164.3
1953,2015,Oct,15.1,7.9,0.0,45.0,84.1
1954,2015,Nov,13.1,7.3,2.0,65.3,33.8
1955,2015,Dec,13.4,8.3,0.0,62.9,38.3
1956,2016,Jan,9.4,3.0,5.0,83.9,59.1
1957,2016,Feb,9.1,2.7,6.0,47.6,112.9
1958,2016,Mar,10.2,2.2,4.0,74.2,123.8
1959,2016,Apr,12.9,4.0,1.0,53.1,163.7
1960,2016,May,18.4,8.7,0.0,86.1,202.9
1961,2016,Jun,20.0,11.9,0.0,95.7,100.4
1962,2016,Jul,23.3,13.8,0.0,3.4,227.6
1963,2016,Aug,23.5,13.6,0.0,41.2,204.5
1964,2016,Sep,20.9,13.0,0.0,44.6,113.2
1965,2016,Oct,15.1,7.3,0.0,26.5,112.2
1966,2016,Nov,9.4,3.3,3.0,76.1,88.3
1967,2016,Dec,9.6,3.0,10.0,25.8,62.3
1968,2017,Jan,7.3,0.8,16.0,62.8,64.6
1969,2017,Feb,9.5,4.0,1.0,42.8,58.4
1970,2017,Mar,13.7,5.8,0.0,43.1,115.6
1971,2017,Apr,15.1,4.7,0.0,5.4,174.6
1972,2017,May,19.0,9.4,0.0,63.6,169.4
1973,2017,Jun,22.7,12.9,0.0,29.7,213.3
1974,2017,Jul,23.3,13.9,0.0,62.3,179.2
1975,2017,Aug,21.4,12.6,0.0,62.8,176.1
1976,2017,Sep,18.5,10.4,0.0,64.6,119.4
1977,2017,Oct,16.1,9.7,0.0,17.1,97.7
1978,2017,Nov,10.7,3.8,3.0,48.4,99.6
1979,2017,Dec,8.3,2.6,10.0,74.2,55.5
1980,2018,Jan,9.1,3.2,4.0,66.3,58.5
1981,2018,Feb,6.3,0.1,14.0,24.9,109.6
1982,2018,Mar,8.9,2.5,8.0,88.5,74.3
1983,2018,Apr,14.1,7.6,0.0,61.1,121.8
1984,2018,May,19.7,8.8,1.0,72.5,259.5
1985,2018,Jun,22.6,11.9,0.0,3.6,262.2
1986,2018,Jul,27.1,14.5,0.0,20.7,300.7
1987,2018,Aug,22.9,13.2,0.0,50.5,182.9
1988,2018,Sep,19.6,10.1,1.0,40.7,174.6
1989,2018,Oct,15.3,7.2,3.0,52.3,131.1
1990,2018,Nov,11.4,5.7,2.0,61.7,76.8
